2026-04-07 16:52:17,923 ERROR blog_generator content_generator.py:17 generate_content() - generate_content : 
You are a professional blog writer who creates SEO-friendly, human-sounding content.

Write a complete blog article for this title:
"Fixing Common Mistakes in Your Test Blog Setup"

Keyword: test blog
Tone: natural


Rules:
- Write blog article between 1500 - 2000 words
- Start with an engaging introduction (150-200 words) that explains the problem
- Use HTML headings: <h2> for sections and <h3> for sub-sections
- Use <b> for bold text
- Use <p> for paragraphs and <ul><li> for bullet lists
- Structure: introduction, 3-4 main sections with subheadings, conclusion
- Make it natural, human-sounding, and conversational
- Include the keyword naturally 2-3 times throughout
- Include the supporting keyword naturally where appropriate
- Use active voice, short sentences
- Avoid keyword stuffing and robotic language
- Write for readability with short paragraphs
- Add detailed explanations and examples in each section to reach word count
- End with a clear and short call-to-action (e.g. "Start your fitness journey today with our expert tips!")
- Do not use markdown headings like ## or ###
- Use HTML anchor tags with single quotes: <a href='URL'>anchor text</a>
- Return the content as valid HTML inside the JSON string
- CRITICAL: Do not truncate, abbreviate, or cut short the content
- Do not add any explanation, analysis, or notes before or after the JSON
- Start your response with ' and end your response with '
- Close every open tag and quotation mark
- Make sure the JSON is complete and valid
- Verify the content word count is at least 800 words before finishing

Return valid JSON only in this format:
{
  "content": "<h2>Your HTML content here</h2><p>...</p>",
  "word_count": 850
}
NoneType: None
2026-04-07 16:54:15,342 INFO blog_generator content_generator.py:34 generate_content() - Content generated successfully with 1368 words
2026-04-08 09:47:07,445 INFO blog_generator page_generator.py:68 generate_page() - Page generated successfully for keyword 'okgames login' with 0 image placeholders
2026-04-08 09:59:49,204 INFO blog_generator page_generator.py:68 generate_page() - Page generated successfully for keyword 'okgames login' with 0 image placeholders
2026-04-08 10:01:12,780 INFO blog_generator page_generator.py:68 generate_page() - Page generated successfully for keyword 'okgames login' with 3 image placeholders
2026-04-08 10:11:05,433 INFO blog_generator page_generator.py:68 generate_page() - Page generated successfully for keyword 'okgames login' with 2 image placeholders
2026-04-08 10:25:19,682 INFO blog_generator page_generator.py:68 generate_page() - Page generated successfully for keyword 'okgames login' with 3 image placeholders
2026-04-08 11:21:15,085 INFO blog_generator page_generator.py:68 generate_page() - Page generated successfully for keyword 'okgames login' with 0 image placeholders
2026-04-08 11:23:34,144 INFO blog_generator page_generator.py:68 generate_page() - Page generated successfully for keyword 'okgames login' with 0 image placeholders
2026-04-08 11:28:35,281 INFO blog_generator page_generator.py:68 generate_page() - Page generated successfully for keyword 'okgames login' with 0 image placeholders
2026-04-08 12:03:31,443 INFO blog_generator page_generator.py:68 generate_page() - Page generated successfully for keyword 'okgames login' with 0 image placeholders
2026-04-08 15:44:10,421 INFO blog_generator page_generator.py:68 generate_page() - Page generated successfully for keyword 'okgames app download' with 0 image placeholders
2026-04-08 17:02:18,858 INFO blog_generator page_generator.py:68 generate_page() - Page generated successfully for keyword 'okgames app download' with 2 image placeholders
2026-04-09 10:15:37,179 WARNING blog_generator content_generator.py:42 generate_content() - Content word count is 788 (target: 800-1000). Response may be incomplete. Raw response length: 5633 chars
2026-04-09 10:21:59,251 WARNING blog_generator content_generator.py:42 generate_content() - Content word count is 706 (target: 800-1000). Response may be incomplete. Raw response length: 5327 chars
2026-04-09 11:25:18,296 INFO blog_generator content_generator.py:50 generate_content() - Content generated successfully with 824 words
2026-04-09 11:44:40,593 ERROR blog_generator ui.py:270 index() - generate_content action failed
Traceback (most recent call last):
  File "/Users/lanie/Sites/Backend/Blog generator/ui.py", line 257, in index
    content = generate_content(
        provider,
    ...<6 lines>...
        brand_context=brand_context,
    )
  File "/Users/lanie/Sites/Backend/Blog generator/generators/content_generator.py", line 25, in generate_content
    prompt = build_content_prompt(
        title=title,
    ...<5 lines>...
        brand_context=brand_context,
    )
  File "/Users/lanie/Sites/Backend/Blog generator/prompts.py", line 179, in build_content_prompt
    - Return only valid JSON with this format: {"content":"<p>...</p>"}.
                                               ^^^^^^^^^^^^^^^^^^^^^^^^
ValueError: Invalid format specifier '"<p>...</p>"' for object of type 'str'
2026-04-09 11:52:05,771 INFO blog_generator content_generator.py:50 generate_content() - Content generated successfully with 856 words
2026-04-09 17:54:42,751 INFO blog_generator page_generator.py:72 generate_page() - Page generated successfully for keyword 'Terms and Conditions' with 0 image placeholders
2026-04-10 09:27:24,294 INFO blog_generator simple_page_generator.py:31 generate_simple_page() - Simple page generated successfully for 'Terms and Conditions'
2026-04-10 09:36:58,414 INFO blog_generator simple_page_generator.py:31 generate_simple_page() - Simple page generated successfully for 'Terms and Conditions'
2026-04-10 09:51:26,793 INFO blog_generator page_generator.py:72 generate_page() - Page generated successfully for keyword 'about PHBingo' with 3 image placeholders
2026-04-10 12:21:33,508 ERROR blog_generator ui.py:359 page_generator() - page_generator action failed
Traceback (most recent call last):
  File "/Users/lanie/Sites/Backend/Blog generator/ui.py", line 337, in page_generator
    result = generate_page(
        provider,
    ...<5 lines>...
        brand_context=brand_context,
    )
  File "/Users/lanie/Sites/Backend/Blog generator/generators/page_generator.py", line 62, in generate_page
    raw = provider.generate_json(prompt)
  File "/Users/lanie/Sites/Backend/Blog generator/providers/ollama_provider.py", line 9, in generate_json
    response = chat(
        model=self.model,
    ...<4 lines>...
        }
    )
  File "/Users/lanie/Sites/Backend/Blog generator/venv/lib/python3.14/site-packages/ollama/_client.py", line 365, in chat
    return self._request(
           ~~~~~~~~~~~~~^
      ChatResponse,
      ^^^^^^^^^^^^^
    ...<14 lines>...
      stream=stream,
      ^^^^^^^^^^^^^^
    )
    ^
  File "/Users/lanie/Sites/Backend/Blog generator/venv/lib/python3.14/site-packages/ollama/_client.py", line 189, in _request
    return cls(**self._request_raw(*args, **kwargs).json())
                 ~~~~~~~~~~~~~~~~~^^^^^^^^^^^^^^^^^
  File "/Users/lanie/Sites/Backend/Blog generator/venv/lib/python3.14/site-packages/ollama/_client.py", line 133, in _request_raw
    raise ResponseError(e.response.text, e.response.status_code) from None
ollama._types.ResponseError: model failed to load, this may be due to resource limitations or an internal error, check ollama server logs for details (status code: 500)
2026-04-10 14:58:12,545 ERROR blog_generator ui.py:375 page_generator() - page_generator action failed
Traceback (most recent call last):
  File "/Users/lanie/Sites/Backend/Blog generator/providers/ollama_provider.py", line 11, in generate_json
    response = chat(
        model=self.model,
    ...<4 lines>...
        }
    )
  File "/Users/lanie/Sites/Backend/Blog generator/venv/lib/python3.14/site-packages/ollama/_client.py", line 365, in chat
    return self._request(
           ~~~~~~~~~~~~~^
      ChatResponse,
      ^^^^^^^^^^^^^
    ...<14 lines>...
      stream=stream,
      ^^^^^^^^^^^^^^
    )
    ^
  File "/Users/lanie/Sites/Backend/Blog generator/venv/lib/python3.14/site-packages/ollama/_client.py", line 189, in _request
    return cls(**self._request_raw(*args, **kwargs).json())
                 ~~~~~~~~~~~~~~~~~^^^^^^^^^^^^^^^^^
  File "/Users/lanie/Sites/Backend/Blog generator/venv/lib/python3.14/site-packages/ollama/_client.py", line 133, in _request_raw
    raise ResponseError(e.response.text, e.response.status_code) from None
ollama._types.ResponseError: model failed to load, this may be due to resource limitations or an internal error, check ollama server logs for details (status code: 500)

The above exception was the direct cause of the following exception:

Traceback (most recent call last):
  File "/Users/lanie/Sites/Backend/Blog generator/ui.py", line 353, in page_generator
    result = generate_page(
        provider,
    ...<5 lines>...
        brand_context=brand_context,
    )
  File "/Users/lanie/Sites/Backend/Blog generator/generators/page_generator.py", line 62, in generate_page
    raw = provider.generate_json(prompt)
  File "/Users/lanie/Sites/Backend/Blog generator/providers/ollama_provider.py", line 23, in generate_json
    raise ProviderError(
    ...<4 lines>...
    ) from exc
providers.base.ProviderError: Ollama could not load model 'qwen3:8b' (status 500). Restart Ollama, close other memory-heavy apps, or switch config.py to a smaller installed model. Ollama details: model failed to load, this may be due to resource limitations or an internal error, check ollama server logs for details (status code: 500)
2026-04-16 14:38:07,602 WARNING blog_generator page_generator.py:93 generate_page() - Page word count is 690 (minimum: 1000) for keyword 'live casino' on attempt 1/3
2026-04-16 14:40:57,447 INFO blog_generator page_generator.py:104 generate_page() - Page generated successfully for keyword 'live casino' with 1234 words and 0 image placeholders on attempt 2/3
2026-04-16 14:56:28,417 WARNING blog_generator page_generator.py:93 generate_page() - Page word count is 655 (minimum: 900) for keyword 'live casino' on attempt 1/3
2026-04-16 14:59:52,840 INFO blog_generator page_generator.py:104 generate_page() - Page generated successfully for keyword 'live casino' with 1095 words and 3 image placeholders on attempt 2/3
2026-04-16 15:01:09,493 WARNING blog_generator content_generator.py:67 generate_content() - Content word count is 745 (minimum: 800) on attempt 1/3. Raw response length: 5094 chars
2026-04-16 15:03:40,522 INFO blog_generator content_generator.py:77 generate_content() - Content generated successfully with 1030 words on attempt 2/3
2026-04-16 15:55:33,433 INFO blog_generator page_generator.py:116 generate_page() - Page generated successfully for keyword 'live casino' with 957 words and 3 image placeholders on attempt 1/3
2026-04-17 10:26:56,993 WARNING blog_generator page_generator.py:105 generate_page() - Page word count is 675 (minimum: 900) for keyword 'live casino' on attempt 1/3
2026-04-17 10:29:15,299 WARNING blog_generator page_generator.py:95 generate_page() - Page output used banned terms instant for keyword 'live casino' on attempt 2/3
2026-04-17 10:30:55,036 WARNING blog_generator page_generator.py:95 generate_page() - Page output used banned terms guaranteed, instant for keyword 'live casino' on attempt 3/3
2026-04-17 10:30:55,037 ERROR blog_generator ui.py:505 page_generator() - page_generator action failed
Traceback (most recent call last):
  File "/Users/lanie/Sites/Backend/Blog generator/ui.py", line 483, in page_generator
    result = generate_page(
        provider,
    ...<5 lines>...
        brand_context=brand_context,
    )
  File "/Users/lanie/Sites/Backend/Blog generator/generators/page_generator.py", line 137, in generate_page
    raise ValueError(
    ...<2 lines>...
    )
ValueError: Generated page could not satisfy the rules after 3 attempts. Last attempt was 751 words.
2026-04-17 10:44:26,538 WARNING blog_generator page_generator.py:105 generate_page() - Page word count is 540 (minimum: 900) for keyword 'slot games' on attempt 1/3
2026-04-17 10:46:15,083 WARNING blog_generator page_generator.py:95 generate_page() - Page output used banned terms guaranteed, instant for keyword 'slot games' on attempt 1/3
2026-04-17 10:47:08,538 WARNING blog_generator page_generator.py:105 generate_page() - Page word count is 542 (minimum: 900) for keyword 'slot games' on attempt 1/3
2026-04-17 10:52:47,406 INFO blog_generator page_generator.py:116 generate_page() - Page generated successfully for keyword 'slot games' with 980 words and 2 image placeholders on attempt 2/3
2026-04-17 10:53:59,666 WARNING blog_generator page_generator.py:105 generate_page() - Page word count is 703 (minimum: 900) for keyword 'slot games' on attempt 2/3
2026-04-17 10:55:04,219 WARNING blog_generator page_generator.py:95 generate_page() - Page output used banned terms instant for keyword 'slot games' on attempt 2/3
2026-04-17 10:58:26,276 INFO blog_generator page_generator.py:116 generate_page() - Page generated successfully for keyword 'slot games' with 1021 words and 3 image placeholders on attempt 3/3
2026-04-17 11:00:20,252 INFO blog_generator page_generator.py:116 generate_page() - Page generated successfully for keyword 'slot games' with 1251 words and 4 image placeholders on attempt 3/3
2026-04-17 11:12:12,948 WARNING blog_generator page_generator.py:105 generate_page() - Page word count is 571 (minimum: 900) for keyword 'slot games' on attempt 1/3
2026-04-17 11:13:53,413 WARNING blog_generator page_generator.py:105 generate_page() - Page word count is 791 (minimum: 900) for keyword 'slot games' on attempt 2/3
2026-04-17 11:15:44,179 WARNING blog_generator page_generator.py:105 generate_page() - Page word count is 789 (minimum: 900) for keyword 'slot games' on attempt 3/3
2026-04-17 11:15:44,181 ERROR blog_generator ui.py:505 page_generator() - page_generator action failed
Traceback (most recent call last):
  File "/Users/lanie/Sites/Backend/Blog generator/ui.py", line 483, in page_generator
    result = generate_page(
        provider,
    ...<5 lines>...
        brand_context=brand_context,
    )
  File "/Users/lanie/Sites/Backend/Blog generator/generators/page_generator.py", line 137, in generate_page
    raise ValueError(
    ...<2 lines>...
    )
ValueError: Generated page could not satisfy the rules after 3 attempts. Last attempt was 789 words.
2026-04-17 11:17:39,899 WARNING blog_generator page_generator.py:105 generate_page() - Page word count is 839 (minimum: 900) for keyword 'jl16 vip' on attempt 1/3
2026-04-17 11:19:38,919 INFO blog_generator page_generator.py:116 generate_page() - Page generated successfully for keyword 'jl16 vip' with 944 words and 3 image placeholders on attempt 2/3
2026-04-17 11:22:16,912 WARNING blog_generator page_generator.py:105 generate_page() - Page word count is 433 (minimum: 900) for keyword 'slot games' on attempt 1/3
2026-04-17 11:24:13,753 WARNING blog_generator page_generator.py:105 generate_page() - Page word count is 885 (minimum: 900) for keyword 'slot games' on attempt 2/3
2026-04-17 11:26:46,274 INFO blog_generator page_generator.py:116 generate_page() - Page generated successfully for keyword 'slot games' with 905 words and 0 image placeholders on attempt 3/3
2026-04-17 11:28:02,847 WARNING blog_generator page_generator.py:105 generate_page() - Page word count is 825 (minimum: 900) for keyword 'jl16 vip' on attempt 1/3
2026-04-17 11:30:06,709 INFO blog_generator page_generator.py:116 generate_page() - Page generated successfully for keyword 'jl16 vip' with 1096 words and 2 image placeholders on attempt 2/3
2026-04-17 11:32:32,169 WARNING blog_generator page_generator.py:105 generate_page() - Page word count is 579 (minimum: 900) for keyword 'jl16 vip' on attempt 1/3
2026-04-17 11:34:41,388 INFO blog_generator page_generator.py:116 generate_page() - Page generated successfully for keyword 'jl16 vip' with 1126 words and 3 image placeholders on attempt 2/3
2026-04-18 14:52:53,551 INFO blog_generator content_generator.py:88 generate_content() - Content generated successfully with 872 words on attempt 1/3
2026-04-18 15:09:38,445 WARNING blog_generator content_generator.py:69 generate_content() - Content used banned terms instant, fake on attempt 1/3
2026-04-18 15:11:36,675 INFO blog_generator content_generator.py:88 generate_content() - Content generated successfully with 986 words on attempt 2/3
2026-04-18 15:20:29,502 WARNING blog_generator content_generator.py:78 generate_content() - Content word count is 659 (minimum: 800) on attempt 1/3. Raw response length: 4619 chars
2026-04-18 15:22:03,649 INFO blog_generator content_generator.py:88 generate_content() - Content generated successfully with 807 words on attempt 2/3
2026-04-27 12:14:27,600 WARNING blog_generator content_generator.py:80 generate_content() - Content word count is 371 (minimum: 800) on attempt 1/3. Raw response length: 3232 chars
2026-04-27 12:16:08,445 WARNING blog_generator content_generator.py:80 generate_content() - Content word count is 776 (minimum: 800) on attempt 2/3. Raw response length: 5735 chars
2026-04-27 12:17:43,575 WARNING blog_generator content_generator.py:80 generate_content() - Content word count is 614 (minimum: 800) on attempt 3/3. Raw response length: 4668 chars
2026-04-27 12:17:43,577 ERROR blog_generator blog_controller.py:146 _handle_generate_content() - generate_content action failed
Traceback (most recent call last):
  File "/Users/lanie/Sites/Backend/Blog generator/app/controllers/blog_controller.py", line 127, in _handle_generate_content
    state["content"] = generate_content(
                       ~~~~~~~~~~~~~~~~^
        provider,
        ^^^^^^^^^
    ...<7 lines>...
        brand_context=brand_context,
        ^^^^^^^^^^^^^^^^^^^^^^^^^^^^
    )
    ^
  File "/Users/lanie/Sites/Backend/Blog generator/generators/content_generator.py", line 104, in generate_content
    raise ValueError(
    ...<2 lines>...
    )
ValueError: Generated article could not satisfy the rules after 3 attempts. Last attempt was 614 words.
2026-04-27 12:24:06,613 WARNING blog_generator content_generator.py:80 generate_content() - Content word count is 591 (minimum: 800) on attempt 1/3. Raw response length: 4702 chars
2026-04-27 12:25:40,686 WARNING blog_generator content_generator.py:71 generate_content() - Content used banned terms exploit on attempt 2/3
2026-04-27 12:27:32,658 WARNING blog_generator content_generator.py:80 generate_content() - Content word count is 756 (minimum: 800) on attempt 3/3. Raw response length: 5832 chars
2026-04-27 12:27:32,661 ERROR blog_generator blog_controller.py:143 _handle_generate_content() - generate_content action failed
Traceback (most recent call last):
  File "/Users/lanie/Sites/Backend/Blog generator/app/controllers/blog_controller.py", line 124, in _handle_generate_content
    state["content"] = generate_content(
                       ~~~~~~~~~~~~~~~~^
        provider,
        ^^^^^^^^^
    ...<7 lines>...
        brand_context=brand_context,
        ^^^^^^^^^^^^^^^^^^^^^^^^^^^^
    )
    ^
  File "/Users/lanie/Sites/Backend/Blog generator/generators/content_generator.py", line 104, in generate_content
    raise ValueError(
    ...<2 lines>...
    )
ValueError: Generated article could not satisfy the rules after 3 attempts. Last attempt was 756 words.
2026-04-27 12:31:35,989 WARNING blog_generator content_generator.py:80 generate_content() - Content word count is 483 (minimum: 800) on attempt 1/3. Raw response length: 3714 chars
2026-04-27 12:33:01,044 WARNING blog_generator content_generator.py:80 generate_content() - Content word count is 644 (minimum: 800) on attempt 2/3. Raw response length: 5022 chars
2026-04-27 12:34:43,635 WARNING blog_generator content_generator.py:71 generate_content() - Content used banned terms guaranteed on attempt 3/3
2026-04-27 12:34:43,639 ERROR blog_generator blog_controller.py:143 _handle_generate_content() - generate_content action failed
Traceback (most recent call last):
  File "/Users/lanie/Sites/Backend/Blog generator/app/controllers/blog_controller.py", line 124, in _handle_generate_content
    state["content"] = generate_content(
                       ~~~~~~~~~~~~~~~~^
        provider,
        ^^^^^^^^^
    ...<7 lines>...
        brand_context=brand_context,
        ^^^^^^^^^^^^^^^^^^^^^^^^^^^^
    )
    ^
  File "/Users/lanie/Sites/Backend/Blog generator/generators/content_generator.py", line 104, in generate_content
    raise ValueError(
    ...<2 lines>...
    )
ValueError: Generated article could not satisfy the rules after 3 attempts. Last attempt was 785 words.
2026-04-27 12:52:38,191 WARNING blog_generator content_generator.py:80 generate_content() - Content word count is 468 (minimum: 800) on attempt 1/3. Raw response length: 3695 chars
2026-04-27 12:53:46,387 WARNING blog_generator content_generator.py:80 generate_content() - Content word count is 468 (minimum: 800) on attempt 2/3. Raw response length: 3655 chars
2026-04-27 12:55:36,743 INFO blog_generator content_generator.py:90 generate_content() - Content generated successfully with 962 words on attempt 3/3
2026-04-27 12:59:46,569 WARNING blog_generator content_generator.py:80 generate_content() - Content word count is 610 (minimum: 800) on attempt 1/3. Raw response length: 4481 chars
2026-04-27 13:01:30,164 WARNING blog_generator content_generator.py:71 generate_content() - Content used banned terms exploit on attempt 2/3
2026-04-27 13:03:02,035 WARNING blog_generator content_generator.py:80 generate_content() - Content word count is 610 (minimum: 800) on attempt 3/3. Raw response length: 4584 chars
2026-04-27 13:03:02,037 ERROR blog_generator blog_controller.py:143 _handle_generate_content() - generate_content action failed
Traceback (most recent call last):
  File "/Users/lanie/Sites/Backend/Blog generator/app/controllers/blog_controller.py", line 124, in _handle_generate_content
    state["content"] = generate_content(
                       ~~~~~~~~~~~~~~~~^
        provider,
        ^^^^^^^^^
    ...<7 lines>...
        brand_context=brand_context,
        ^^^^^^^^^^^^^^^^^^^^^^^^^^^^
    )
    ^
  File "/Users/lanie/Sites/Backend/Blog generator/generators/content_generator.py", line 104, in generate_content
    raise ValueError(
    ...<2 lines>...
    )
ValueError: Generated article could not satisfy the rules after 3 attempts. Last attempt was 610 words.
2026-04-27 14:04:18,658 WARNING blog_generator content_generator.py:71 generate_content() - Content used banned terms guaranteed on attempt 1/3
2026-04-27 14:06:05,201 WARNING blog_generator content_generator.py:80 generate_content() - Content word count is 795 (minimum: 800) on attempt 2/3. Raw response length: 5848 chars
2026-04-27 14:07:46,601 WARNING blog_generator content_generator.py:80 generate_content() - Content word count is 585 (minimum: 800) on attempt 3/3. Raw response length: 4663 chars
2026-04-27 14:07:46,602 ERROR blog_generator blog_controller.py:143 _handle_generate_content() - generate_content action failed
Traceback (most recent call last):
  File "/Users/lanie/Sites/Backend/Blog generator/app/controllers/blog_controller.py", line 124, in _handle_generate_content
    state["content"] = generate_content(
                       ~~~~~~~~~~~~~~~~^
        provider,
        ^^^^^^^^^
    ...<7 lines>...
        brand_context=brand_context,
        ^^^^^^^^^^^^^^^^^^^^^^^^^^^^
    )
    ^
  File "/Users/lanie/Sites/Backend/Blog generator/generators/content_generator.py", line 104, in generate_content
    raise ValueError(
    ...<2 lines>...
    )
ValueError: Generated article could not satisfy the rules after 3 attempts. Last attempt was 585 words.
2026-04-27 14:11:52,028 WARNING blog_generator content_generator.py:80 generate_content() - Content word count is 508 (minimum: 800) on attempt 1/3. Raw response length: 3754 chars
2026-04-27 14:13:46,037 WARNING blog_generator content_generator.py:80 generate_content() - Content word count is 724 (minimum: 800) on attempt 2/3. Raw response length: 5740 chars
2026-04-27 14:14:59,105 WARNING blog_generator content_generator.py:80 generate_content() - Content word count is 501 (minimum: 800) on attempt 3/3. Raw response length: 3857 chars
2026-04-27 14:14:59,108 ERROR blog_generator blog_controller.py:143 _handle_generate_content() - generate_content action failed
Traceback (most recent call last):
  File "/Users/lanie/Sites/Backend/Blog generator/app/controllers/blog_controller.py", line 124, in _handle_generate_content
    state["content"] = generate_content(
                       ~~~~~~~~~~~~~~~~^
        provider,
        ^^^^^^^^^
    ...<7 lines>...
        brand_context=brand_context,
        ^^^^^^^^^^^^^^^^^^^^^^^^^^^^
    )
    ^
  File "/Users/lanie/Sites/Backend/Blog generator/generators/content_generator.py", line 104, in generate_content
    raise ValueError(
    ...<2 lines>...
    )
ValueError: Generated article could not satisfy the rules after 3 attempts. Last attempt was 501 words.
2026-04-27 14:17:27,207 WARNING blog_generator content_generator.py:80 generate_content() - Content word count is 597 (minimum: 800) on attempt 1/3. Raw response length: 4555 chars
2026-04-27 14:19:11,858 WARNING blog_generator content_generator.py:71 generate_content() - Content used banned terms fixed on attempt 2/3
2026-04-27 14:21:22,888 INFO blog_generator content_generator.py:90 generate_content() - Content generated successfully with 1136 words on attempt 3/3
2026-04-27 16:04:42,108 WARNING blog_generator content_generator.py:80 generate_content() - Content word count is 445 (minimum: 800) on attempt 1/3. Raw response length: 3409 chars
2026-04-27 16:06:06,648 INFO blog_generator content_generator.py:90 generate_content() - Content generated successfully with 837 words on attempt 2/3
2026-04-27 16:55:43,880 WARNING blog_generator content_generator.py:80 generate_content() - Content word count is 467 (minimum: 800) on attempt 1/3. Raw response length: 3825 chars
2026-04-27 16:57:56,509 WARNING blog_generator content_generator.py:80 generate_content() - Content word count is 716 (minimum: 800) on attempt 2/3. Raw response length: 5406 chars
2026-04-27 16:59:13,590 WARNING blog_generator content_generator.py:80 generate_content() - Content word count is 412 (minimum: 800) on attempt 3/3. Raw response length: 3493 chars
2026-04-27 16:59:13,595 ERROR blog_generator blog_controller.py:143 _handle_generate_content() - generate_content action failed
Traceback (most recent call last):
  File "/Users/lanie/Sites/Backend/Blog generator/app/controllers/blog_controller.py", line 124, in _handle_generate_content
    state["content"] = generate_content(
                       ~~~~~~~~~~~~~~~~^
        provider,
        ^^^^^^^^^
    ...<7 lines>...
        brand_context=brand_context,
        ^^^^^^^^^^^^^^^^^^^^^^^^^^^^
    )
    ^
  File "/Users/lanie/Sites/Backend/Blog generator/generators/content_generator.py", line 104, in generate_content
    raise ValueError(
    ...<2 lines>...
    )
ValueError: Generated article could not satisfy the rules after 3 attempts. Last attempt was 412 words.
2026-04-27 17:06:38,273 WARNING blog_generator content_generator.py:80 generate_content() - Content word count is 686 (minimum: 800) on attempt 1/3. Raw response length: 5099 chars
2026-04-27 17:08:23,657 WARNING blog_generator content_generator.py:80 generate_content() - Content word count is 568 (minimum: 800) on attempt 2/3. Raw response length: 4242 chars
2026-04-27 17:10:34,556 INFO blog_generator content_generator.py:90 generate_content() - Content generated successfully with 832 words on attempt 3/3
2026-04-27 17:28:08,863 WARNING blog_generator content_generator.py:80 generate_content() - Content word count is 690 (minimum: 800) on attempt 1/3. Raw response length: 5025 chars
2026-04-27 17:29:08,174 WARNING blog_generator content_generator.py:71 generate_content() - Content used banned terms guaranteed on attempt 1/3
2026-04-27 17:31:34,572 WARNING blog_generator content_generator.py:80 generate_content() - Content word count is 671 (minimum: 800) on attempt 2/3. Raw response length: 4912 chars
2026-04-27 17:32:31,959 WARNING blog_generator content_generator.py:80 generate_content() - Content word count is 664 (minimum: 800) on attempt 2/3. Raw response length: 5087 chars
2026-04-27 17:35:21,761 INFO blog_generator content_generator.py:90 generate_content() - Content generated successfully with 930 words on attempt 3/3
2026-04-27 17:36:19,038 WARNING blog_generator content_generator.py:80 generate_content() - Content word count is 625 (minimum: 800) on attempt 3/3. Raw response length: 4794 chars
2026-04-27 17:36:19,039 ERROR blog_generator blog_controller.py:143 _handle_generate_content() - generate_content action failed
Traceback (most recent call last):
  File "/Users/lanie/Sites/Backend/Blog generator/app/controllers/blog_controller.py", line 124, in _handle_generate_content
    state["content"] = generate_content(
                       ~~~~~~~~~~~~~~~~^
        provider,
        ^^^^^^^^^
    ...<7 lines>...
        brand_context=brand_context,
        ^^^^^^^^^^^^^^^^^^^^^^^^^^^^
    )
    ^
  File "/Users/lanie/Sites/Backend/Blog generator/generators/content_generator.py", line 104, in generate_content
    raise ValueError(
    ...<2 lines>...
    )
ValueError: Generated article could not satisfy the rules after 3 attempts. Last attempt was 625 words.
2026-04-27 17:42:27,286 INFO blog_generator content_generator.py:90 generate_content() - Content generated successfully with 875 words on attempt 1/3
2026-04-28 09:46:33,285 WARNING blog_generator content_generator.py:80 generate_content() - Content word count is 489 (minimum: 800) on attempt 1/3. Raw response length: 3915 chars
2026-04-28 09:48:55,898 INFO blog_generator content_generator.py:90 generate_content() - Content generated successfully with 888 words on attempt 2/3
2026-04-28 09:50:30,266 WARNING blog_generator content_generator.py:80 generate_content() - Content word count is 760 (minimum: 800) on attempt 1/3. Raw response length: 5488 chars
2026-04-28 09:52:08,941 INFO blog_generator content_generator.py:90 generate_content() - Content generated successfully with 956 words on attempt 2/3
2026-04-28 11:26:17,740 WARNING blog_generator content_generator.py:88 generate_content() - Content word count is 609 (minimum: 800) on attempt 1/3. Raw response length: 4682 chars
2026-04-28 11:28:02,737 WARNING blog_generator content_generator.py:79 generate_content() - Content used banned terms glitch on attempt 2/3
2026-04-28 11:29:31,234 INFO blog_generator content_generator.py:98 generate_content() - Content generated successfully with 823 words on attempt 3/3
2026-04-28 11:29:36,455 ERROR blog_generator backlink_blog_controller.py:192 _handle_generate_content() - backlink generate_content action failed
Traceback (most recent call last):
  File "/Users/lanie/Sites/Backend/Blog generator/app/controllers/backlink_blog_controller.py", line 184, in _handle_generate_content
    record_blog(
    ~~~~~~~~~~~^
        brand=state["brand"],
        ^^^^^^^^^^^^^^^^^^^^^
    ...<2 lines>...
        supporting_keyword=state["supporting_keyword"],
        ^^^^^^^^^^^^^^^^^^^^^^^^^^^^^^^^^^^^^^^^^^^^^^^
    )
    ^
  File "/Users/lanie/Sites/Backend/Blog generator/database/pages.py", line 103, in record_blog
    keyword_record = get_or_create_keyword(keyword_value)
  File "/Users/lanie/Sites/Backend/Blog generator/database/keywords.py", line 20, in get_or_create_keyword
    cursor = connection.execute(
        "INSERT INTO keywords (keyword, normalized_keyword) VALUES (?, ?)",
        (keyword_value, normalized),
    )
sqlite3.OperationalError: database is locked
2026-04-29 12:10:13,139 ERROR blog_generator tool_controller.py:25 seo_checker() - seo_checker action failed
Traceback (most recent call last):
  File "/opt/homebrew/Cellar/python@3.14/3.14.3_1/Frameworks/Python.framework/Versions/3.14/lib/python3.14/urllib/request.py", line 1321, in do_open
    h.request(req.get_method(), req.selector, req.data, headers,
    ~~~~~~~~~^^^^^^^^^^^^^^^^^^^^^^^^^^^^^^^^^^^^^^^^^^^^^^^^^^^
              encode_chunked=req.has_header('Transfer-encoding'))
              ^^^^^^^^^^^^^^^^^^^^^^^^^^^^^^^^^^^^^^^^^^^^^^^^^^^
  File "/opt/homebrew/Cellar/python@3.14/3.14.3_1/Frameworks/Python.framework/Versions/3.14/lib/python3.14/http/client.py", line 1358, in request
    self._send_request(method, url, body, headers, encode_chunked)
    ~~~~~~~~~~~~~~~~~~^^^^^^^^^^^^^^^^^^^^^^^^^^^^^^^^^^^^^^^^^^^^
  File "/opt/homebrew/Cellar/python@3.14/3.14.3_1/Frameworks/Python.framework/Versions/3.14/lib/python3.14/http/client.py", line 1404, in _send_request
    self.endheaders(body, encode_chunked=encode_chunked)
    ~~~~~~~~~~~~~~~^^^^^^^^^^^^^^^^^^^^^^^^^^^^^^^^^^^^^
  File "/opt/homebrew/Cellar/python@3.14/3.14.3_1/Frameworks/Python.framework/Versions/3.14/lib/python3.14/http/client.py", line 1353, in endheaders
    self._send_output(message_body, encode_chunked=encode_chunked)
    ~~~~~~~~~~~~~~~~~^^^^^^^^^^^^^^^^^^^^^^^^^^^^^^^^^^^^^^^^^^^^^
  File "/opt/homebrew/Cellar/python@3.14/3.14.3_1/Frameworks/Python.framework/Versions/3.14/lib/python3.14/http/client.py", line 1113, in _send_output
    self.send(msg)
    ~~~~~~~~~^^^^^
  File "/opt/homebrew/Cellar/python@3.14/3.14.3_1/Frameworks/Python.framework/Versions/3.14/lib/python3.14/http/client.py", line 1057, in send
    self.connect()
    ~~~~~~~~~~~~^^
  File "/opt/homebrew/Cellar/python@3.14/3.14.3_1/Frameworks/Python.framework/Versions/3.14/lib/python3.14/http/client.py", line 1499, in connect
    self.sock = self._context.wrap_socket(self.sock,
                ~~~~~~~~~~~~~~~~~~~~~~~~~^^^^^^^^^^^
                                          server_hostname=server_hostname)
                                          ^^^^^^^^^^^^^^^^^^^^^^^^^^^^^^^^
  File "/opt/homebrew/Cellar/python@3.14/3.14.3_1/Frameworks/Python.framework/Versions/3.14/lib/python3.14/ssl.py", line 455, in wrap_socket
    return self.sslsocket_class._create(
           ~~~~~~~~~~~~~~~~~~~~~~~~~~~~^
        sock=sock,
        ^^^^^^^^^^
    ...<5 lines>...
        session=session
        ^^^^^^^^^^^^^^^
    )
    ^
  File "/opt/homebrew/Cellar/python@3.14/3.14.3_1/Frameworks/Python.framework/Versions/3.14/lib/python3.14/ssl.py", line 1076, in _create
    self.do_handshake()
    ~~~~~~~~~~~~~~~~~^^
  File "/opt/homebrew/Cellar/python@3.14/3.14.3_1/Frameworks/Python.framework/Versions/3.14/lib/python3.14/ssl.py", line 1372, in do_handshake
    self._sslobj.do_handshake()
    ~~~~~~~~~~~~~~~~~~~~~~~~~^^
ssl.SSLCertVerificationError: [SSL: CERTIFICATE_VERIFY_FAILED] certificate verify failed: unable to get local issuer certificate (_ssl.c:1081)

During handling of the above exception, another exception occurred:

Traceback (most recent call last):
  File "/Users/lanie/Sites/Backend/Blog generator/app/services/seo_checker_service.py", line 141, in fetch_url
    with urlopen(request, timeout=FETCH_TIMEOUT) as response:
         ~~~~~~~^^^^^^^^^^^^^^^^^^^^^^^^^^^^^^^^
  File "/opt/homebrew/Cellar/python@3.14/3.14.3_1/Frameworks/Python.framework/Versions/3.14/lib/python3.14/urllib/request.py", line 187, in urlopen
    return opener.open(url, data, timeout)
           ~~~~~~~~~~~^^^^^^^^^^^^^^^^^^^^
  File "/opt/homebrew/Cellar/python@3.14/3.14.3_1/Frameworks/Python.framework/Versions/3.14/lib/python3.14/urllib/request.py", line 493, in open
    response = meth(req, response)
  File "/opt/homebrew/Cellar/python@3.14/3.14.3_1/Frameworks/Python.framework/Versions/3.14/lib/python3.14/urllib/request.py", line 602, in http_response
    response = self.parent.error(
        'http', request, response, code, msg, hdrs)
  File "/opt/homebrew/Cellar/python@3.14/3.14.3_1/Frameworks/Python.framework/Versions/3.14/lib/python3.14/urllib/request.py", line 525, in error
    result = self._call_chain(*args)
  File "/opt/homebrew/Cellar/python@3.14/3.14.3_1/Frameworks/Python.framework/Versions/3.14/lib/python3.14/urllib/request.py", line 464, in _call_chain
    result = func(*args)
  File "/opt/homebrew/Cellar/python@3.14/3.14.3_1/Frameworks/Python.framework/Versions/3.14/lib/python3.14/urllib/request.py", line 718, in http_error_302
    return self.parent.open(new, timeout=req.timeout)
           ~~~~~~~~~~~~~~~~^^^^^^^^^^^^^^^^^^^^^^^^^^
  File "/opt/homebrew/Cellar/python@3.14/3.14.3_1/Frameworks/Python.framework/Versions/3.14/lib/python3.14/urllib/request.py", line 487, in open
    response = self._open(req, data)
  File "/opt/homebrew/Cellar/python@3.14/3.14.3_1/Frameworks/Python.framework/Versions/3.14/lib/python3.14/urllib/request.py", line 504, in _open
    result = self._call_chain(self.handle_open, protocol, protocol +
                              '_open', req)
  File "/opt/homebrew/Cellar/python@3.14/3.14.3_1/Frameworks/Python.framework/Versions/3.14/lib/python3.14/urllib/request.py", line 464, in _call_chain
    result = func(*args)
  File "/opt/homebrew/Cellar/python@3.14/3.14.3_1/Frameworks/Python.framework/Versions/3.14/lib/python3.14/urllib/request.py", line 1369, in https_open
    return self.do_open(http.client.HTTPSConnection, req,
           ~~~~~~~~~~~~^^^^^^^^^^^^^^^^^^^^^^^^^^^^^^^^^^
                        context=self._context)
                        ^^^^^^^^^^^^^^^^^^^^^^
  File "/opt/homebrew/Cellar/python@3.14/3.14.3_1/Frameworks/Python.framework/Versions/3.14/lib/python3.14/urllib/request.py", line 1324, in do_open
    raise URLError(err)
urllib.error.URLError: <urlopen error [SSL: CERTIFICATE_VERIFY_FAILED] certificate verify failed: unable to get local issuer certificate (_ssl.c:1081)>

The above exception was the direct cause of the following exception:

Traceback (most recent call last):
  File "/Users/lanie/Sites/Backend/Blog generator/app/controllers/tool_controller.py", line 23, in seo_checker
    state["result"] = run_seo_audit(state["url"])
                      ~~~~~~~~~~~~~^^^^^^^^^^^^^^
  File "/Users/lanie/Sites/Backend/Blog generator/app/services/seo_checker_service.py", line 100, in run_seo_audit
    page = fetch_url(url)
  File "/Users/lanie/Sites/Backend/Blog generator/app/services/seo_checker_service.py", line 155, in fetch_url
    raise ValueError(f"Could not reach that website: {exc.reason}") from exc
ValueError: Could not reach that website: [SSL: CERTIFICATE_VERIFY_FAILED] certificate verify failed: unable to get local issuer certificate (_ssl.c:1081)
2026-04-29 12:10:33,601 ERROR blog_generator tool_controller.py:25 seo_checker() - seo_checker action failed
Traceback (most recent call last):
  File "/opt/homebrew/Cellar/python@3.14/3.14.3_1/Frameworks/Python.framework/Versions/3.14/lib/python3.14/urllib/request.py", line 1321, in do_open
    h.request(req.get_method(), req.selector, req.data, headers,
    ~~~~~~~~~^^^^^^^^^^^^^^^^^^^^^^^^^^^^^^^^^^^^^^^^^^^^^^^^^^^
              encode_chunked=req.has_header('Transfer-encoding'))
              ^^^^^^^^^^^^^^^^^^^^^^^^^^^^^^^^^^^^^^^^^^^^^^^^^^^
  File "/opt/homebrew/Cellar/python@3.14/3.14.3_1/Frameworks/Python.framework/Versions/3.14/lib/python3.14/http/client.py", line 1358, in request
    self._send_request(method, url, body, headers, encode_chunked)
    ~~~~~~~~~~~~~~~~~~^^^^^^^^^^^^^^^^^^^^^^^^^^^^^^^^^^^^^^^^^^^^
  File "/opt/homebrew/Cellar/python@3.14/3.14.3_1/Frameworks/Python.framework/Versions/3.14/lib/python3.14/http/client.py", line 1404, in _send_request
    self.endheaders(body, encode_chunked=encode_chunked)
    ~~~~~~~~~~~~~~~^^^^^^^^^^^^^^^^^^^^^^^^^^^^^^^^^^^^^
  File "/opt/homebrew/Cellar/python@3.14/3.14.3_1/Frameworks/Python.framework/Versions/3.14/lib/python3.14/http/client.py", line 1353, in endheaders
    self._send_output(message_body, encode_chunked=encode_chunked)
    ~~~~~~~~~~~~~~~~~^^^^^^^^^^^^^^^^^^^^^^^^^^^^^^^^^^^^^^^^^^^^^
  File "/opt/homebrew/Cellar/python@3.14/3.14.3_1/Frameworks/Python.framework/Versions/3.14/lib/python3.14/http/client.py", line 1113, in _send_output
    self.send(msg)
    ~~~~~~~~~^^^^^
  File "/opt/homebrew/Cellar/python@3.14/3.14.3_1/Frameworks/Python.framework/Versions/3.14/lib/python3.14/http/client.py", line 1057, in send
    self.connect()
    ~~~~~~~~~~~~^^
  File "/opt/homebrew/Cellar/python@3.14/3.14.3_1/Frameworks/Python.framework/Versions/3.14/lib/python3.14/http/client.py", line 1499, in connect
    self.sock = self._context.wrap_socket(self.sock,
                ~~~~~~~~~~~~~~~~~~~~~~~~~^^^^^^^^^^^
                                          server_hostname=server_hostname)
                                          ^^^^^^^^^^^^^^^^^^^^^^^^^^^^^^^^
  File "/opt/homebrew/Cellar/python@3.14/3.14.3_1/Frameworks/Python.framework/Versions/3.14/lib/python3.14/ssl.py", line 455, in wrap_socket
    return self.sslsocket_class._create(
           ~~~~~~~~~~~~~~~~~~~~~~~~~~~~^
        sock=sock,
        ^^^^^^^^^^
    ...<5 lines>...
        session=session
        ^^^^^^^^^^^^^^^
    )
    ^
  File "/opt/homebrew/Cellar/python@3.14/3.14.3_1/Frameworks/Python.framework/Versions/3.14/lib/python3.14/ssl.py", line 1076, in _create
    self.do_handshake()
    ~~~~~~~~~~~~~~~~~^^
  File "/opt/homebrew/Cellar/python@3.14/3.14.3_1/Frameworks/Python.framework/Versions/3.14/lib/python3.14/ssl.py", line 1372, in do_handshake
    self._sslobj.do_handshake()
    ~~~~~~~~~~~~~~~~~~~~~~~~~^^
ssl.SSLCertVerificationError: [SSL: CERTIFICATE_VERIFY_FAILED] certificate verify failed: unable to get local issuer certificate (_ssl.c:1081)

During handling of the above exception, another exception occurred:

Traceback (most recent call last):
  File "/Users/lanie/Sites/Backend/Blog generator/app/services/seo_checker_service.py", line 141, in fetch_url
    with urlopen(request, timeout=FETCH_TIMEOUT) as response:
         ~~~~~~~^^^^^^^^^^^^^^^^^^^^^^^^^^^^^^^^
  File "/opt/homebrew/Cellar/python@3.14/3.14.3_1/Frameworks/Python.framework/Versions/3.14/lib/python3.14/urllib/request.py", line 187, in urlopen
    return opener.open(url, data, timeout)
           ~~~~~~~~~~~^^^^^^^^^^^^^^^^^^^^
  File "/opt/homebrew/Cellar/python@3.14/3.14.3_1/Frameworks/Python.framework/Versions/3.14/lib/python3.14/urllib/request.py", line 487, in open
    response = self._open(req, data)
  File "/opt/homebrew/Cellar/python@3.14/3.14.3_1/Frameworks/Python.framework/Versions/3.14/lib/python3.14/urllib/request.py", line 504, in _open
    result = self._call_chain(self.handle_open, protocol, protocol +
                              '_open', req)
  File "/opt/homebrew/Cellar/python@3.14/3.14.3_1/Frameworks/Python.framework/Versions/3.14/lib/python3.14/urllib/request.py", line 464, in _call_chain
    result = func(*args)
  File "/opt/homebrew/Cellar/python@3.14/3.14.3_1/Frameworks/Python.framework/Versions/3.14/lib/python3.14/urllib/request.py", line 1369, in https_open
    return self.do_open(http.client.HTTPSConnection, req,
           ~~~~~~~~~~~~^^^^^^^^^^^^^^^^^^^^^^^^^^^^^^^^^^
                        context=self._context)
                        ^^^^^^^^^^^^^^^^^^^^^^
  File "/opt/homebrew/Cellar/python@3.14/3.14.3_1/Frameworks/Python.framework/Versions/3.14/lib/python3.14/urllib/request.py", line 1324, in do_open
    raise URLError(err)
urllib.error.URLError: <urlopen error [SSL: CERTIFICATE_VERIFY_FAILED] certificate verify failed: unable to get local issuer certificate (_ssl.c:1081)>

The above exception was the direct cause of the following exception:

Traceback (most recent call last):
  File "/Users/lanie/Sites/Backend/Blog generator/app/controllers/tool_controller.py", line 23, in seo_checker
    state["result"] = run_seo_audit(state["url"])
                      ~~~~~~~~~~~~~^^^^^^^^^^^^^^
  File "/Users/lanie/Sites/Backend/Blog generator/app/services/seo_checker_service.py", line 100, in run_seo_audit
    page = fetch_url(url)
  File "/Users/lanie/Sites/Backend/Blog generator/app/services/seo_checker_service.py", line 155, in fetch_url
    raise ValueError(f"Could not reach that website: {exc.reason}") from exc
ValueError: Could not reach that website: [SSL: CERTIFICATE_VERIFY_FAILED] certificate verify failed: unable to get local issuer certificate (_ssl.c:1081)
2026-04-29 12:12:13,027 ERROR blog_generator tool_controller.py:25 seo_checker() - seo_checker action failed
Traceback (most recent call last):
  File "/opt/homebrew/Cellar/python@3.14/3.14.3_1/Frameworks/Python.framework/Versions/3.14/lib/python3.14/urllib/request.py", line 1321, in do_open
    h.request(req.get_method(), req.selector, req.data, headers,
    ~~~~~~~~~^^^^^^^^^^^^^^^^^^^^^^^^^^^^^^^^^^^^^^^^^^^^^^^^^^^
              encode_chunked=req.has_header('Transfer-encoding'))
              ^^^^^^^^^^^^^^^^^^^^^^^^^^^^^^^^^^^^^^^^^^^^^^^^^^^
  File "/opt/homebrew/Cellar/python@3.14/3.14.3_1/Frameworks/Python.framework/Versions/3.14/lib/python3.14/http/client.py", line 1358, in request
    self._send_request(method, url, body, headers, encode_chunked)
    ~~~~~~~~~~~~~~~~~~^^^^^^^^^^^^^^^^^^^^^^^^^^^^^^^^^^^^^^^^^^^^
  File "/opt/homebrew/Cellar/python@3.14/3.14.3_1/Frameworks/Python.framework/Versions/3.14/lib/python3.14/http/client.py", line 1404, in _send_request
    self.endheaders(body, encode_chunked=encode_chunked)
    ~~~~~~~~~~~~~~~^^^^^^^^^^^^^^^^^^^^^^^^^^^^^^^^^^^^^
  File "/opt/homebrew/Cellar/python@3.14/3.14.3_1/Frameworks/Python.framework/Versions/3.14/lib/python3.14/http/client.py", line 1353, in endheaders
    self._send_output(message_body, encode_chunked=encode_chunked)
    ~~~~~~~~~~~~~~~~~^^^^^^^^^^^^^^^^^^^^^^^^^^^^^^^^^^^^^^^^^^^^^
  File "/opt/homebrew/Cellar/python@3.14/3.14.3_1/Frameworks/Python.framework/Versions/3.14/lib/python3.14/http/client.py", line 1113, in _send_output
    self.send(msg)
    ~~~~~~~~~^^^^^
  File "/opt/homebrew/Cellar/python@3.14/3.14.3_1/Frameworks/Python.framework/Versions/3.14/lib/python3.14/http/client.py", line 1057, in send
    self.connect()
    ~~~~~~~~~~~~^^
  File "/opt/homebrew/Cellar/python@3.14/3.14.3_1/Frameworks/Python.framework/Versions/3.14/lib/python3.14/http/client.py", line 1499, in connect
    self.sock = self._context.wrap_socket(self.sock,
                ~~~~~~~~~~~~~~~~~~~~~~~~~^^^^^^^^^^^
                                          server_hostname=server_hostname)
                                          ^^^^^^^^^^^^^^^^^^^^^^^^^^^^^^^^
  File "/opt/homebrew/Cellar/python@3.14/3.14.3_1/Frameworks/Python.framework/Versions/3.14/lib/python3.14/ssl.py", line 455, in wrap_socket
    return self.sslsocket_class._create(
           ~~~~~~~~~~~~~~~~~~~~~~~~~~~~^
        sock=sock,
        ^^^^^^^^^^
    ...<5 lines>...
        session=session
        ^^^^^^^^^^^^^^^
    )
    ^
  File "/opt/homebrew/Cellar/python@3.14/3.14.3_1/Frameworks/Python.framework/Versions/3.14/lib/python3.14/ssl.py", line 1076, in _create
    self.do_handshake()
    ~~~~~~~~~~~~~~~~~^^
  File "/opt/homebrew/Cellar/python@3.14/3.14.3_1/Frameworks/Python.framework/Versions/3.14/lib/python3.14/ssl.py", line 1372, in do_handshake
    self._sslobj.do_handshake()
    ~~~~~~~~~~~~~~~~~~~~~~~~~^^
ssl.SSLCertVerificationError: [SSL: CERTIFICATE_VERIFY_FAILED] certificate verify failed: unable to get local issuer certificate (_ssl.c:1081)

During handling of the above exception, another exception occurred:

Traceback (most recent call last):
  File "/Users/lanie/Sites/Backend/Blog generator/app/services/seo_checker_service.py", line 141, in fetch_url
    with urlopen(request, timeout=FETCH_TIMEOUT) as response:
         ~~~~~~~^^^^^^^^^^^^^^^^^^^^^^^^^^^^^^^^
  File "/opt/homebrew/Cellar/python@3.14/3.14.3_1/Frameworks/Python.framework/Versions/3.14/lib/python3.14/urllib/request.py", line 187, in urlopen
    return opener.open(url, data, timeout)
           ~~~~~~~~~~~^^^^^^^^^^^^^^^^^^^^
  File "/opt/homebrew/Cellar/python@3.14/3.14.3_1/Frameworks/Python.framework/Versions/3.14/lib/python3.14/urllib/request.py", line 487, in open
    response = self._open(req, data)
  File "/opt/homebrew/Cellar/python@3.14/3.14.3_1/Frameworks/Python.framework/Versions/3.14/lib/python3.14/urllib/request.py", line 504, in _open
    result = self._call_chain(self.handle_open, protocol, protocol +
                              '_open', req)
  File "/opt/homebrew/Cellar/python@3.14/3.14.3_1/Frameworks/Python.framework/Versions/3.14/lib/python3.14/urllib/request.py", line 464, in _call_chain
    result = func(*args)
  File "/opt/homebrew/Cellar/python@3.14/3.14.3_1/Frameworks/Python.framework/Versions/3.14/lib/python3.14/urllib/request.py", line 1369, in https_open
    return self.do_open(http.client.HTTPSConnection, req,
           ~~~~~~~~~~~~^^^^^^^^^^^^^^^^^^^^^^^^^^^^^^^^^^
                        context=self._context)
                        ^^^^^^^^^^^^^^^^^^^^^^
  File "/opt/homebrew/Cellar/python@3.14/3.14.3_1/Frameworks/Python.framework/Versions/3.14/lib/python3.14/urllib/request.py", line 1324, in do_open
    raise URLError(err)
urllib.error.URLError: <urlopen error [SSL: CERTIFICATE_VERIFY_FAILED] certificate verify failed: unable to get local issuer certificate (_ssl.c:1081)>

The above exception was the direct cause of the following exception:

Traceback (most recent call last):
  File "/Users/lanie/Sites/Backend/Blog generator/app/controllers/tool_controller.py", line 23, in seo_checker
    state["result"] = run_seo_audit(state["url"])
                      ~~~~~~~~~~~~~^^^^^^^^^^^^^^
  File "/Users/lanie/Sites/Backend/Blog generator/app/services/seo_checker_service.py", line 100, in run_seo_audit
    page = fetch_url(url)
  File "/Users/lanie/Sites/Backend/Blog generator/app/services/seo_checker_service.py", line 155, in fetch_url
    raise ValueError(f"Could not reach that website: {exc.reason}") from exc
ValueError: Could not reach that website: [SSL: CERTIFICATE_VERIFY_FAILED] certificate verify failed: unable to get local issuer certificate (_ssl.c:1081)
2026-04-29 12:12:16,763 ERROR blog_generator tool_controller.py:25 seo_checker() - seo_checker action failed
Traceback (most recent call last):
  File "/opt/homebrew/Cellar/python@3.14/3.14.3_1/Frameworks/Python.framework/Versions/3.14/lib/python3.14/urllib/request.py", line 1321, in do_open
    h.request(req.get_method(), req.selector, req.data, headers,
    ~~~~~~~~~^^^^^^^^^^^^^^^^^^^^^^^^^^^^^^^^^^^^^^^^^^^^^^^^^^^
              encode_chunked=req.has_header('Transfer-encoding'))
              ^^^^^^^^^^^^^^^^^^^^^^^^^^^^^^^^^^^^^^^^^^^^^^^^^^^
  File "/opt/homebrew/Cellar/python@3.14/3.14.3_1/Frameworks/Python.framework/Versions/3.14/lib/python3.14/http/client.py", line 1358, in request
    self._send_request(method, url, body, headers, encode_chunked)
    ~~~~~~~~~~~~~~~~~~^^^^^^^^^^^^^^^^^^^^^^^^^^^^^^^^^^^^^^^^^^^^
  File "/opt/homebrew/Cellar/python@3.14/3.14.3_1/Frameworks/Python.framework/Versions/3.14/lib/python3.14/http/client.py", line 1404, in _send_request
    self.endheaders(body, encode_chunked=encode_chunked)
    ~~~~~~~~~~~~~~~^^^^^^^^^^^^^^^^^^^^^^^^^^^^^^^^^^^^^
  File "/opt/homebrew/Cellar/python@3.14/3.14.3_1/Frameworks/Python.framework/Versions/3.14/lib/python3.14/http/client.py", line 1353, in endheaders
    self._send_output(message_body, encode_chunked=encode_chunked)
    ~~~~~~~~~~~~~~~~~^^^^^^^^^^^^^^^^^^^^^^^^^^^^^^^^^^^^^^^^^^^^^
  File "/opt/homebrew/Cellar/python@3.14/3.14.3_1/Frameworks/Python.framework/Versions/3.14/lib/python3.14/http/client.py", line 1113, in _send_output
    self.send(msg)
    ~~~~~~~~~^^^^^
  File "/opt/homebrew/Cellar/python@3.14/3.14.3_1/Frameworks/Python.framework/Versions/3.14/lib/python3.14/http/client.py", line 1057, in send
    self.connect()
    ~~~~~~~~~~~~^^
  File "/opt/homebrew/Cellar/python@3.14/3.14.3_1/Frameworks/Python.framework/Versions/3.14/lib/python3.14/http/client.py", line 1499, in connect
    self.sock = self._context.wrap_socket(self.sock,
                ~~~~~~~~~~~~~~~~~~~~~~~~~^^^^^^^^^^^
                                          server_hostname=server_hostname)
                                          ^^^^^^^^^^^^^^^^^^^^^^^^^^^^^^^^
  File "/opt/homebrew/Cellar/python@3.14/3.14.3_1/Frameworks/Python.framework/Versions/3.14/lib/python3.14/ssl.py", line 455, in wrap_socket
    return self.sslsocket_class._create(
           ~~~~~~~~~~~~~~~~~~~~~~~~~~~~^
        sock=sock,
        ^^^^^^^^^^
    ...<5 lines>...
        session=session
        ^^^^^^^^^^^^^^^
    )
    ^
  File "/opt/homebrew/Cellar/python@3.14/3.14.3_1/Frameworks/Python.framework/Versions/3.14/lib/python3.14/ssl.py", line 1076, in _create
    self.do_handshake()
    ~~~~~~~~~~~~~~~~~^^
  File "/opt/homebrew/Cellar/python@3.14/3.14.3_1/Frameworks/Python.framework/Versions/3.14/lib/python3.14/ssl.py", line 1372, in do_handshake
    self._sslobj.do_handshake()
    ~~~~~~~~~~~~~~~~~~~~~~~~~^^
ssl.SSLCertVerificationError: [SSL: CERTIFICATE_VERIFY_FAILED] certificate verify failed: unable to get local issuer certificate (_ssl.c:1081)

During handling of the above exception, another exception occurred:

Traceback (most recent call last):
  File "/Users/lanie/Sites/Backend/Blog generator/app/services/seo_checker_service.py", line 141, in fetch_url
    with urlopen(request, timeout=FETCH_TIMEOUT) as response:
         ~~~~~~~^^^^^^^^^^^^^^^^^^^^^^^^^^^^^^^^
  File "/opt/homebrew/Cellar/python@3.14/3.14.3_1/Frameworks/Python.framework/Versions/3.14/lib/python3.14/urllib/request.py", line 187, in urlopen
    return opener.open(url, data, timeout)
           ~~~~~~~~~~~^^^^^^^^^^^^^^^^^^^^
  File "/opt/homebrew/Cellar/python@3.14/3.14.3_1/Frameworks/Python.framework/Versions/3.14/lib/python3.14/urllib/request.py", line 487, in open
    response = self._open(req, data)
  File "/opt/homebrew/Cellar/python@3.14/3.14.3_1/Frameworks/Python.framework/Versions/3.14/lib/python3.14/urllib/request.py", line 504, in _open
    result = self._call_chain(self.handle_open, protocol, protocol +
                              '_open', req)
  File "/opt/homebrew/Cellar/python@3.14/3.14.3_1/Frameworks/Python.framework/Versions/3.14/lib/python3.14/urllib/request.py", line 464, in _call_chain
    result = func(*args)
  File "/opt/homebrew/Cellar/python@3.14/3.14.3_1/Frameworks/Python.framework/Versions/3.14/lib/python3.14/urllib/request.py", line 1369, in https_open
    return self.do_open(http.client.HTTPSConnection, req,
           ~~~~~~~~~~~~^^^^^^^^^^^^^^^^^^^^^^^^^^^^^^^^^^
                        context=self._context)
                        ^^^^^^^^^^^^^^^^^^^^^^
  File "/opt/homebrew/Cellar/python@3.14/3.14.3_1/Frameworks/Python.framework/Versions/3.14/lib/python3.14/urllib/request.py", line 1324, in do_open
    raise URLError(err)
urllib.error.URLError: <urlopen error [SSL: CERTIFICATE_VERIFY_FAILED] certificate verify failed: unable to get local issuer certificate (_ssl.c:1081)>

The above exception was the direct cause of the following exception:

Traceback (most recent call last):
  File "/Users/lanie/Sites/Backend/Blog generator/app/controllers/tool_controller.py", line 23, in seo_checker
    state["result"] = run_seo_audit(state["url"])
                      ~~~~~~~~~~~~~^^^^^^^^^^^^^^
  File "/Users/lanie/Sites/Backend/Blog generator/app/services/seo_checker_service.py", line 100, in run_seo_audit
    page = fetch_url(url)
  File "/Users/lanie/Sites/Backend/Blog generator/app/services/seo_checker_service.py", line 155, in fetch_url
    raise ValueError(f"Could not reach that website: {exc.reason}") from exc
ValueError: Could not reach that website: [SSL: CERTIFICATE_VERIFY_FAILED] certificate verify failed: unable to get local issuer certificate (_ssl.c:1081)
2026-04-29 12:13:04,611 ERROR blog_generator tool_controller.py:25 seo_checker() - seo_checker action failed
Traceback (most recent call last):
  File "/opt/homebrew/Cellar/python@3.14/3.14.3_1/Frameworks/Python.framework/Versions/3.14/lib/python3.14/urllib/request.py", line 1321, in do_open
    h.request(req.get_method(), req.selector, req.data, headers,
    ~~~~~~~~~^^^^^^^^^^^^^^^^^^^^^^^^^^^^^^^^^^^^^^^^^^^^^^^^^^^
              encode_chunked=req.has_header('Transfer-encoding'))
              ^^^^^^^^^^^^^^^^^^^^^^^^^^^^^^^^^^^^^^^^^^^^^^^^^^^
  File "/opt/homebrew/Cellar/python@3.14/3.14.3_1/Frameworks/Python.framework/Versions/3.14/lib/python3.14/http/client.py", line 1358, in request
    self._send_request(method, url, body, headers, encode_chunked)
    ~~~~~~~~~~~~~~~~~~^^^^^^^^^^^^^^^^^^^^^^^^^^^^^^^^^^^^^^^^^^^^
  File "/opt/homebrew/Cellar/python@3.14/3.14.3_1/Frameworks/Python.framework/Versions/3.14/lib/python3.14/http/client.py", line 1404, in _send_request
    self.endheaders(body, encode_chunked=encode_chunked)
    ~~~~~~~~~~~~~~~^^^^^^^^^^^^^^^^^^^^^^^^^^^^^^^^^^^^^
  File "/opt/homebrew/Cellar/python@3.14/3.14.3_1/Frameworks/Python.framework/Versions/3.14/lib/python3.14/http/client.py", line 1353, in endheaders
    self._send_output(message_body, encode_chunked=encode_chunked)
    ~~~~~~~~~~~~~~~~~^^^^^^^^^^^^^^^^^^^^^^^^^^^^^^^^^^^^^^^^^^^^^
  File "/opt/homebrew/Cellar/python@3.14/3.14.3_1/Frameworks/Python.framework/Versions/3.14/lib/python3.14/http/client.py", line 1113, in _send_output
    self.send(msg)
    ~~~~~~~~~^^^^^
  File "/opt/homebrew/Cellar/python@3.14/3.14.3_1/Frameworks/Python.framework/Versions/3.14/lib/python3.14/http/client.py", line 1057, in send
    self.connect()
    ~~~~~~~~~~~~^^
  File "/opt/homebrew/Cellar/python@3.14/3.14.3_1/Frameworks/Python.framework/Versions/3.14/lib/python3.14/http/client.py", line 1499, in connect
    self.sock = self._context.wrap_socket(self.sock,
                ~~~~~~~~~~~~~~~~~~~~~~~~~^^^^^^^^^^^
                                          server_hostname=server_hostname)
                                          ^^^^^^^^^^^^^^^^^^^^^^^^^^^^^^^^
  File "/opt/homebrew/Cellar/python@3.14/3.14.3_1/Frameworks/Python.framework/Versions/3.14/lib/python3.14/ssl.py", line 455, in wrap_socket
    return self.sslsocket_class._create(
           ~~~~~~~~~~~~~~~~~~~~~~~~~~~~^
        sock=sock,
        ^^^^^^^^^^
    ...<5 lines>...
        session=session
        ^^^^^^^^^^^^^^^
    )
    ^
  File "/opt/homebrew/Cellar/python@3.14/3.14.3_1/Frameworks/Python.framework/Versions/3.14/lib/python3.14/ssl.py", line 1076, in _create
    self.do_handshake()
    ~~~~~~~~~~~~~~~~~^^
  File "/opt/homebrew/Cellar/python@3.14/3.14.3_1/Frameworks/Python.framework/Versions/3.14/lib/python3.14/ssl.py", line 1372, in do_handshake
    self._sslobj.do_handshake()
    ~~~~~~~~~~~~~~~~~~~~~~~~~^^
ssl.SSLCertVerificationError: [SSL: CERTIFICATE_VERIFY_FAILED] certificate verify failed: unable to get local issuer certificate (_ssl.c:1081)

During handling of the above exception, another exception occurred:

Traceback (most recent call last):
  File "/Users/lanie/Sites/Backend/Blog generator/app/services/seo_checker_service.py", line 145, in fetch_url
    with urlopen(request, timeout=FETCH_TIMEOUT, context=SSL_CONTEXT) as response:
         ~~~~~~~^^^^^^^^^^^^^^^^^^^^^^^^^^^^^^^^^^^^^^^^^^^^^^^^^^^^^
  File "/opt/homebrew/Cellar/python@3.14/3.14.3_1/Frameworks/Python.framework/Versions/3.14/lib/python3.14/urllib/request.py", line 187, in urlopen
    return opener.open(url, data, timeout)
           ~~~~~~~~~~~^^^^^^^^^^^^^^^^^^^^
  File "/opt/homebrew/Cellar/python@3.14/3.14.3_1/Frameworks/Python.framework/Versions/3.14/lib/python3.14/urllib/request.py", line 487, in open
    response = self._open(req, data)
  File "/opt/homebrew/Cellar/python@3.14/3.14.3_1/Frameworks/Python.framework/Versions/3.14/lib/python3.14/urllib/request.py", line 504, in _open
    result = self._call_chain(self.handle_open, protocol, protocol +
                              '_open', req)
  File "/opt/homebrew/Cellar/python@3.14/3.14.3_1/Frameworks/Python.framework/Versions/3.14/lib/python3.14/urllib/request.py", line 464, in _call_chain
    result = func(*args)
  File "/opt/homebrew/Cellar/python@3.14/3.14.3_1/Frameworks/Python.framework/Versions/3.14/lib/python3.14/urllib/request.py", line 1369, in https_open
    return self.do_open(http.client.HTTPSConnection, req,
           ~~~~~~~~~~~~^^^^^^^^^^^^^^^^^^^^^^^^^^^^^^^^^^
                        context=self._context)
                        ^^^^^^^^^^^^^^^^^^^^^^
  File "/opt/homebrew/Cellar/python@3.14/3.14.3_1/Frameworks/Python.framework/Versions/3.14/lib/python3.14/urllib/request.py", line 1324, in do_open
    raise URLError(err)
urllib.error.URLError: <urlopen error [SSL: CERTIFICATE_VERIFY_FAILED] certificate verify failed: unable to get local issuer certificate (_ssl.c:1081)>

The above exception was the direct cause of the following exception:

Traceback (most recent call last):
  File "/Users/lanie/Sites/Backend/Blog generator/app/controllers/tool_controller.py", line 23, in seo_checker
    state["result"] = run_seo_audit(state["url"])
                      ~~~~~~~~~~~~~^^^^^^^^^^^^^^
  File "/Users/lanie/Sites/Backend/Blog generator/app/services/seo_checker_service.py", line 104, in run_seo_audit
    page = fetch_url(url)
  File "/Users/lanie/Sites/Backend/Blog generator/app/services/seo_checker_service.py", line 159, in fetch_url
    raise ValueError(f"Could not reach that website: {exc.reason}") from exc
ValueError: Could not reach that website: [SSL: CERTIFICATE_VERIFY_FAILED] certificate verify failed: unable to get local issuer certificate (_ssl.c:1081)
2026-04-29 12:13:05,883 ERROR blog_generator tool_controller.py:25 seo_checker() - seo_checker action failed
Traceback (most recent call last):
  File "/opt/homebrew/Cellar/python@3.14/3.14.3_1/Frameworks/Python.framework/Versions/3.14/lib/python3.14/urllib/request.py", line 1321, in do_open
    h.request(req.get_method(), req.selector, req.data, headers,
    ~~~~~~~~~^^^^^^^^^^^^^^^^^^^^^^^^^^^^^^^^^^^^^^^^^^^^^^^^^^^
              encode_chunked=req.has_header('Transfer-encoding'))
              ^^^^^^^^^^^^^^^^^^^^^^^^^^^^^^^^^^^^^^^^^^^^^^^^^^^
  File "/opt/homebrew/Cellar/python@3.14/3.14.3_1/Frameworks/Python.framework/Versions/3.14/lib/python3.14/http/client.py", line 1358, in request
    self._send_request(method, url, body, headers, encode_chunked)
    ~~~~~~~~~~~~~~~~~~^^^^^^^^^^^^^^^^^^^^^^^^^^^^^^^^^^^^^^^^^^^^
  File "/opt/homebrew/Cellar/python@3.14/3.14.3_1/Frameworks/Python.framework/Versions/3.14/lib/python3.14/http/client.py", line 1404, in _send_request
    self.endheaders(body, encode_chunked=encode_chunked)
    ~~~~~~~~~~~~~~~^^^^^^^^^^^^^^^^^^^^^^^^^^^^^^^^^^^^^
  File "/opt/homebrew/Cellar/python@3.14/3.14.3_1/Frameworks/Python.framework/Versions/3.14/lib/python3.14/http/client.py", line 1353, in endheaders
    self._send_output(message_body, encode_chunked=encode_chunked)
    ~~~~~~~~~~~~~~~~~^^^^^^^^^^^^^^^^^^^^^^^^^^^^^^^^^^^^^^^^^^^^^
  File "/opt/homebrew/Cellar/python@3.14/3.14.3_1/Frameworks/Python.framework/Versions/3.14/lib/python3.14/http/client.py", line 1113, in _send_output
    self.send(msg)
    ~~~~~~~~~^^^^^
  File "/opt/homebrew/Cellar/python@3.14/3.14.3_1/Frameworks/Python.framework/Versions/3.14/lib/python3.14/http/client.py", line 1057, in send
    self.connect()
    ~~~~~~~~~~~~^^
  File "/opt/homebrew/Cellar/python@3.14/3.14.3_1/Frameworks/Python.framework/Versions/3.14/lib/python3.14/http/client.py", line 1499, in connect
    self.sock = self._context.wrap_socket(self.sock,
                ~~~~~~~~~~~~~~~~~~~~~~~~~^^^^^^^^^^^
                                          server_hostname=server_hostname)
                                          ^^^^^^^^^^^^^^^^^^^^^^^^^^^^^^^^
  File "/opt/homebrew/Cellar/python@3.14/3.14.3_1/Frameworks/Python.framework/Versions/3.14/lib/python3.14/ssl.py", line 455, in wrap_socket
    return self.sslsocket_class._create(
           ~~~~~~~~~~~~~~~~~~~~~~~~~~~~^
        sock=sock,
        ^^^^^^^^^^
    ...<5 lines>...
        session=session
        ^^^^^^^^^^^^^^^
    )
    ^
  File "/opt/homebrew/Cellar/python@3.14/3.14.3_1/Frameworks/Python.framework/Versions/3.14/lib/python3.14/ssl.py", line 1076, in _create
    self.do_handshake()
    ~~~~~~~~~~~~~~~~~^^
  File "/opt/homebrew/Cellar/python@3.14/3.14.3_1/Frameworks/Python.framework/Versions/3.14/lib/python3.14/ssl.py", line 1372, in do_handshake
    self._sslobj.do_handshake()
    ~~~~~~~~~~~~~~~~~~~~~~~~~^^
ssl.SSLCertVerificationError: [SSL: CERTIFICATE_VERIFY_FAILED] certificate verify failed: unable to get local issuer certificate (_ssl.c:1081)

During handling of the above exception, another exception occurred:

Traceback (most recent call last):
  File "/Users/lanie/Sites/Backend/Blog generator/app/services/seo_checker_service.py", line 145, in fetch_url
    with urlopen(request, timeout=FETCH_TIMEOUT, context=SSL_CONTEXT) as response:
         ~~~~~~~^^^^^^^^^^^^^^^^^^^^^^^^^^^^^^^^^^^^^^^^^^^^^^^^^^^^^
  File "/opt/homebrew/Cellar/python@3.14/3.14.3_1/Frameworks/Python.framework/Versions/3.14/lib/python3.14/urllib/request.py", line 187, in urlopen
    return opener.open(url, data, timeout)
           ~~~~~~~~~~~^^^^^^^^^^^^^^^^^^^^
  File "/opt/homebrew/Cellar/python@3.14/3.14.3_1/Frameworks/Python.framework/Versions/3.14/lib/python3.14/urllib/request.py", line 487, in open
    response = self._open(req, data)
  File "/opt/homebrew/Cellar/python@3.14/3.14.3_1/Frameworks/Python.framework/Versions/3.14/lib/python3.14/urllib/request.py", line 504, in _open
    result = self._call_chain(self.handle_open, protocol, protocol +
                              '_open', req)
  File "/opt/homebrew/Cellar/python@3.14/3.14.3_1/Frameworks/Python.framework/Versions/3.14/lib/python3.14/urllib/request.py", line 464, in _call_chain
    result = func(*args)
  File "/opt/homebrew/Cellar/python@3.14/3.14.3_1/Frameworks/Python.framework/Versions/3.14/lib/python3.14/urllib/request.py", line 1369, in https_open
    return self.do_open(http.client.HTTPSConnection, req,
           ~~~~~~~~~~~~^^^^^^^^^^^^^^^^^^^^^^^^^^^^^^^^^^
                        context=self._context)
                        ^^^^^^^^^^^^^^^^^^^^^^
  File "/opt/homebrew/Cellar/python@3.14/3.14.3_1/Frameworks/Python.framework/Versions/3.14/lib/python3.14/urllib/request.py", line 1324, in do_open
    raise URLError(err)
urllib.error.URLError: <urlopen error [SSL: CERTIFICATE_VERIFY_FAILED] certificate verify failed: unable to get local issuer certificate (_ssl.c:1081)>

The above exception was the direct cause of the following exception:

Traceback (most recent call last):
  File "/Users/lanie/Sites/Backend/Blog generator/app/controllers/tool_controller.py", line 23, in seo_checker
    state["result"] = run_seo_audit(state["url"])
                      ~~~~~~~~~~~~~^^^^^^^^^^^^^^
  File "/Users/lanie/Sites/Backend/Blog generator/app/services/seo_checker_service.py", line 104, in run_seo_audit
    page = fetch_url(url)
  File "/Users/lanie/Sites/Backend/Blog generator/app/services/seo_checker_service.py", line 159, in fetch_url
    raise ValueError(f"Could not reach that website: {exc.reason}") from exc
ValueError: Could not reach that website: [SSL: CERTIFICATE_VERIFY_FAILED] certificate verify failed: unable to get local issuer certificate (_ssl.c:1081)
2026-04-29 12:13:06,846 ERROR blog_generator tool_controller.py:25 seo_checker() - seo_checker action failed
Traceback (most recent call last):
  File "/opt/homebrew/Cellar/python@3.14/3.14.3_1/Frameworks/Python.framework/Versions/3.14/lib/python3.14/urllib/request.py", line 1321, in do_open
    h.request(req.get_method(), req.selector, req.data, headers,
    ~~~~~~~~~^^^^^^^^^^^^^^^^^^^^^^^^^^^^^^^^^^^^^^^^^^^^^^^^^^^
              encode_chunked=req.has_header('Transfer-encoding'))
              ^^^^^^^^^^^^^^^^^^^^^^^^^^^^^^^^^^^^^^^^^^^^^^^^^^^
  File "/opt/homebrew/Cellar/python@3.14/3.14.3_1/Frameworks/Python.framework/Versions/3.14/lib/python3.14/http/client.py", line 1358, in request
    self._send_request(method, url, body, headers, encode_chunked)
    ~~~~~~~~~~~~~~~~~~^^^^^^^^^^^^^^^^^^^^^^^^^^^^^^^^^^^^^^^^^^^^
  File "/opt/homebrew/Cellar/python@3.14/3.14.3_1/Frameworks/Python.framework/Versions/3.14/lib/python3.14/http/client.py", line 1404, in _send_request
    self.endheaders(body, encode_chunked=encode_chunked)
    ~~~~~~~~~~~~~~~^^^^^^^^^^^^^^^^^^^^^^^^^^^^^^^^^^^^^
  File "/opt/homebrew/Cellar/python@3.14/3.14.3_1/Frameworks/Python.framework/Versions/3.14/lib/python3.14/http/client.py", line 1353, in endheaders
    self._send_output(message_body, encode_chunked=encode_chunked)
    ~~~~~~~~~~~~~~~~~^^^^^^^^^^^^^^^^^^^^^^^^^^^^^^^^^^^^^^^^^^^^^
  File "/opt/homebrew/Cellar/python@3.14/3.14.3_1/Frameworks/Python.framework/Versions/3.14/lib/python3.14/http/client.py", line 1113, in _send_output
    self.send(msg)
    ~~~~~~~~~^^^^^
  File "/opt/homebrew/Cellar/python@3.14/3.14.3_1/Frameworks/Python.framework/Versions/3.14/lib/python3.14/http/client.py", line 1057, in send
    self.connect()
    ~~~~~~~~~~~~^^
  File "/opt/homebrew/Cellar/python@3.14/3.14.3_1/Frameworks/Python.framework/Versions/3.14/lib/python3.14/http/client.py", line 1499, in connect
    self.sock = self._context.wrap_socket(self.sock,
                ~~~~~~~~~~~~~~~~~~~~~~~~~^^^^^^^^^^^
                                          server_hostname=server_hostname)
                                          ^^^^^^^^^^^^^^^^^^^^^^^^^^^^^^^^
  File "/opt/homebrew/Cellar/python@3.14/3.14.3_1/Frameworks/Python.framework/Versions/3.14/lib/python3.14/ssl.py", line 455, in wrap_socket
    return self.sslsocket_class._create(
           ~~~~~~~~~~~~~~~~~~~~~~~~~~~~^
        sock=sock,
        ^^^^^^^^^^
    ...<5 lines>...
        session=session
        ^^^^^^^^^^^^^^^
    )
    ^
  File "/opt/homebrew/Cellar/python@3.14/3.14.3_1/Frameworks/Python.framework/Versions/3.14/lib/python3.14/ssl.py", line 1076, in _create
    self.do_handshake()
    ~~~~~~~~~~~~~~~~~^^
  File "/opt/homebrew/Cellar/python@3.14/3.14.3_1/Frameworks/Python.framework/Versions/3.14/lib/python3.14/ssl.py", line 1372, in do_handshake
    self._sslobj.do_handshake()
    ~~~~~~~~~~~~~~~~~~~~~~~~~^^
ssl.SSLCertVerificationError: [SSL: CERTIFICATE_VERIFY_FAILED] certificate verify failed: unable to get local issuer certificate (_ssl.c:1081)

During handling of the above exception, another exception occurred:

Traceback (most recent call last):
  File "/Users/lanie/Sites/Backend/Blog generator/app/services/seo_checker_service.py", line 145, in fetch_url
    with urlopen(request, timeout=FETCH_TIMEOUT, context=SSL_CONTEXT) as response:
         ~~~~~~~^^^^^^^^^^^^^^^^^^^^^^^^^^^^^^^^^^^^^^^^^^^^^^^^^^^^^
  File "/opt/homebrew/Cellar/python@3.14/3.14.3_1/Frameworks/Python.framework/Versions/3.14/lib/python3.14/urllib/request.py", line 187, in urlopen
    return opener.open(url, data, timeout)
           ~~~~~~~~~~~^^^^^^^^^^^^^^^^^^^^
  File "/opt/homebrew/Cellar/python@3.14/3.14.3_1/Frameworks/Python.framework/Versions/3.14/lib/python3.14/urllib/request.py", line 487, in open
    response = self._open(req, data)
  File "/opt/homebrew/Cellar/python@3.14/3.14.3_1/Frameworks/Python.framework/Versions/3.14/lib/python3.14/urllib/request.py", line 504, in _open
    result = self._call_chain(self.handle_open, protocol, protocol +
                              '_open', req)
  File "/opt/homebrew/Cellar/python@3.14/3.14.3_1/Frameworks/Python.framework/Versions/3.14/lib/python3.14/urllib/request.py", line 464, in _call_chain
    result = func(*args)
  File "/opt/homebrew/Cellar/python@3.14/3.14.3_1/Frameworks/Python.framework/Versions/3.14/lib/python3.14/urllib/request.py", line 1369, in https_open
    return self.do_open(http.client.HTTPSConnection, req,
           ~~~~~~~~~~~~^^^^^^^^^^^^^^^^^^^^^^^^^^^^^^^^^^
                        context=self._context)
                        ^^^^^^^^^^^^^^^^^^^^^^
  File "/opt/homebrew/Cellar/python@3.14/3.14.3_1/Frameworks/Python.framework/Versions/3.14/lib/python3.14/urllib/request.py", line 1324, in do_open
    raise URLError(err)
urllib.error.URLError: <urlopen error [SSL: CERTIFICATE_VERIFY_FAILED] certificate verify failed: unable to get local issuer certificate (_ssl.c:1081)>

The above exception was the direct cause of the following exception:

Traceback (most recent call last):
  File "/Users/lanie/Sites/Backend/Blog generator/app/controllers/tool_controller.py", line 23, in seo_checker
    state["result"] = run_seo_audit(state["url"])
                      ~~~~~~~~~~~~~^^^^^^^^^^^^^^
  File "/Users/lanie/Sites/Backend/Blog generator/app/services/seo_checker_service.py", line 104, in run_seo_audit
    page = fetch_url(url)
  File "/Users/lanie/Sites/Backend/Blog generator/app/services/seo_checker_service.py", line 159, in fetch_url
    raise ValueError(f"Could not reach that website: {exc.reason}") from exc
ValueError: Could not reach that website: [SSL: CERTIFICATE_VERIFY_FAILED] certificate verify failed: unable to get local issuer certificate (_ssl.c:1081)
2026-04-29 14:05:15,347 ERROR blog_generator tool_controller.py:25 seo_checker() - seo_checker action failed
Traceback (most recent call last):
  File "/opt/homebrew/Cellar/python@3.14/3.14.3_1/Frameworks/Python.framework/Versions/3.14/lib/python3.14/urllib/request.py", line 1321, in do_open
    h.request(req.get_method(), req.selector, req.data, headers,
    ~~~~~~~~~^^^^^^^^^^^^^^^^^^^^^^^^^^^^^^^^^^^^^^^^^^^^^^^^^^^
              encode_chunked=req.has_header('Transfer-encoding'))
              ^^^^^^^^^^^^^^^^^^^^^^^^^^^^^^^^^^^^^^^^^^^^^^^^^^^
  File "/opt/homebrew/Cellar/python@3.14/3.14.3_1/Frameworks/Python.framework/Versions/3.14/lib/python3.14/http/client.py", line 1358, in request
    self._send_request(method, url, body, headers, encode_chunked)
    ~~~~~~~~~~~~~~~~~~^^^^^^^^^^^^^^^^^^^^^^^^^^^^^^^^^^^^^^^^^^^^
  File "/opt/homebrew/Cellar/python@3.14/3.14.3_1/Frameworks/Python.framework/Versions/3.14/lib/python3.14/http/client.py", line 1404, in _send_request
    self.endheaders(body, encode_chunked=encode_chunked)
    ~~~~~~~~~~~~~~~^^^^^^^^^^^^^^^^^^^^^^^^^^^^^^^^^^^^^
  File "/opt/homebrew/Cellar/python@3.14/3.14.3_1/Frameworks/Python.framework/Versions/3.14/lib/python3.14/http/client.py", line 1353, in endheaders
    self._send_output(message_body, encode_chunked=encode_chunked)
    ~~~~~~~~~~~~~~~~~^^^^^^^^^^^^^^^^^^^^^^^^^^^^^^^^^^^^^^^^^^^^^
  File "/opt/homebrew/Cellar/python@3.14/3.14.3_1/Frameworks/Python.framework/Versions/3.14/lib/python3.14/http/client.py", line 1113, in _send_output
    self.send(msg)
    ~~~~~~~~~^^^^^
  File "/opt/homebrew/Cellar/python@3.14/3.14.3_1/Frameworks/Python.framework/Versions/3.14/lib/python3.14/http/client.py", line 1057, in send
    self.connect()
    ~~~~~~~~~~~~^^
  File "/opt/homebrew/Cellar/python@3.14/3.14.3_1/Frameworks/Python.framework/Versions/3.14/lib/python3.14/http/client.py", line 1499, in connect
    self.sock = self._context.wrap_socket(self.sock,
                ~~~~~~~~~~~~~~~~~~~~~~~~~^^^^^^^^^^^
                                          server_hostname=server_hostname)
                                          ^^^^^^^^^^^^^^^^^^^^^^^^^^^^^^^^
  File "/opt/homebrew/Cellar/python@3.14/3.14.3_1/Frameworks/Python.framework/Versions/3.14/lib/python3.14/ssl.py", line 455, in wrap_socket
    return self.sslsocket_class._create(
           ~~~~~~~~~~~~~~~~~~~~~~~~~~~~^
        sock=sock,
        ^^^^^^^^^^
    ...<5 lines>...
        session=session
        ^^^^^^^^^^^^^^^
    )
    ^
  File "/opt/homebrew/Cellar/python@3.14/3.14.3_1/Frameworks/Python.framework/Versions/3.14/lib/python3.14/ssl.py", line 1076, in _create
    self.do_handshake()
    ~~~~~~~~~~~~~~~~~^^
  File "/opt/homebrew/Cellar/python@3.14/3.14.3_1/Frameworks/Python.framework/Versions/3.14/lib/python3.14/ssl.py", line 1372, in do_handshake
    self._sslobj.do_handshake()
    ~~~~~~~~~~~~~~~~~~~~~~~~~^^
ssl.SSLCertVerificationError: [SSL: CERTIFICATE_VERIFY_FAILED] certificate verify failed: unable to get local issuer certificate (_ssl.c:1081)

During handling of the above exception, another exception occurred:

Traceback (most recent call last):
  File "/Users/lanie/Sites/Backend/Blog generator/app/services/seo_checker_service.py", line 145, in fetch_url
    with urlopen(request, timeout=FETCH_TIMEOUT, context=SSL_CONTEXT) as response:
         ~~~~~~~^^^^^^^^^^^^^^^^^^^^^^^^^^^^^^^^^^^^^^^^^^^^^^^^^^^^^
  File "/opt/homebrew/Cellar/python@3.14/3.14.3_1/Frameworks/Python.framework/Versions/3.14/lib/python3.14/urllib/request.py", line 187, in urlopen
    return opener.open(url, data, timeout)
           ~~~~~~~~~~~^^^^^^^^^^^^^^^^^^^^
  File "/opt/homebrew/Cellar/python@3.14/3.14.3_1/Frameworks/Python.framework/Versions/3.14/lib/python3.14/urllib/request.py", line 487, in open
    response = self._open(req, data)
  File "/opt/homebrew/Cellar/python@3.14/3.14.3_1/Frameworks/Python.framework/Versions/3.14/lib/python3.14/urllib/request.py", line 504, in _open
    result = self._call_chain(self.handle_open, protocol, protocol +
                              '_open', req)
  File "/opt/homebrew/Cellar/python@3.14/3.14.3_1/Frameworks/Python.framework/Versions/3.14/lib/python3.14/urllib/request.py", line 464, in _call_chain
    result = func(*args)
  File "/opt/homebrew/Cellar/python@3.14/3.14.3_1/Frameworks/Python.framework/Versions/3.14/lib/python3.14/urllib/request.py", line 1369, in https_open
    return self.do_open(http.client.HTTPSConnection, req,
           ~~~~~~~~~~~~^^^^^^^^^^^^^^^^^^^^^^^^^^^^^^^^^^
                        context=self._context)
                        ^^^^^^^^^^^^^^^^^^^^^^
  File "/opt/homebrew/Cellar/python@3.14/3.14.3_1/Frameworks/Python.framework/Versions/3.14/lib/python3.14/urllib/request.py", line 1324, in do_open
    raise URLError(err)
urllib.error.URLError: <urlopen error [SSL: CERTIFICATE_VERIFY_FAILED] certificate verify failed: unable to get local issuer certificate (_ssl.c:1081)>

The above exception was the direct cause of the following exception:

Traceback (most recent call last):
  File "/Users/lanie/Sites/Backend/Blog generator/app/controllers/tool_controller.py", line 23, in seo_checker
    state["result"] = run_seo_audit(state["url"])
                      ~~~~~~~~~~~~~^^^^^^^^^^^^^^
  File "/Users/lanie/Sites/Backend/Blog generator/app/services/seo_checker_service.py", line 104, in run_seo_audit
    page = fetch_url(url)
  File "/Users/lanie/Sites/Backend/Blog generator/app/services/seo_checker_service.py", line 159, in fetch_url
    raise ValueError(f"Could not reach that website: {exc.reason}") from exc
ValueError: Could not reach that website: [SSL: CERTIFICATE_VERIFY_FAILED] certificate verify failed: unable to get local issuer certificate (_ssl.c:1081)
2026-04-29 14:05:24,062 ERROR blog_generator tool_controller.py:25 seo_checker() - seo_checker action failed
Traceback (most recent call last):
  File "/opt/homebrew/Cellar/python@3.14/3.14.3_1/Frameworks/Python.framework/Versions/3.14/lib/python3.14/urllib/request.py", line 1321, in do_open
    h.request(req.get_method(), req.selector, req.data, headers,
    ~~~~~~~~~^^^^^^^^^^^^^^^^^^^^^^^^^^^^^^^^^^^^^^^^^^^^^^^^^^^
              encode_chunked=req.has_header('Transfer-encoding'))
              ^^^^^^^^^^^^^^^^^^^^^^^^^^^^^^^^^^^^^^^^^^^^^^^^^^^
  File "/opt/homebrew/Cellar/python@3.14/3.14.3_1/Frameworks/Python.framework/Versions/3.14/lib/python3.14/http/client.py", line 1358, in request
    self._send_request(method, url, body, headers, encode_chunked)
    ~~~~~~~~~~~~~~~~~~^^^^^^^^^^^^^^^^^^^^^^^^^^^^^^^^^^^^^^^^^^^^
  File "/opt/homebrew/Cellar/python@3.14/3.14.3_1/Frameworks/Python.framework/Versions/3.14/lib/python3.14/http/client.py", line 1404, in _send_request
    self.endheaders(body, encode_chunked=encode_chunked)
    ~~~~~~~~~~~~~~~^^^^^^^^^^^^^^^^^^^^^^^^^^^^^^^^^^^^^
  File "/opt/homebrew/Cellar/python@3.14/3.14.3_1/Frameworks/Python.framework/Versions/3.14/lib/python3.14/http/client.py", line 1353, in endheaders
    self._send_output(message_body, encode_chunked=encode_chunked)
    ~~~~~~~~~~~~~~~~~^^^^^^^^^^^^^^^^^^^^^^^^^^^^^^^^^^^^^^^^^^^^^
  File "/opt/homebrew/Cellar/python@3.14/3.14.3_1/Frameworks/Python.framework/Versions/3.14/lib/python3.14/http/client.py", line 1113, in _send_output
    self.send(msg)
    ~~~~~~~~~^^^^^
  File "/opt/homebrew/Cellar/python@3.14/3.14.3_1/Frameworks/Python.framework/Versions/3.14/lib/python3.14/http/client.py", line 1057, in send
    self.connect()
    ~~~~~~~~~~~~^^
  File "/opt/homebrew/Cellar/python@3.14/3.14.3_1/Frameworks/Python.framework/Versions/3.14/lib/python3.14/http/client.py", line 1499, in connect
    self.sock = self._context.wrap_socket(self.sock,
                ~~~~~~~~~~~~~~~~~~~~~~~~~^^^^^^^^^^^
                                          server_hostname=server_hostname)
                                          ^^^^^^^^^^^^^^^^^^^^^^^^^^^^^^^^
  File "/opt/homebrew/Cellar/python@3.14/3.14.3_1/Frameworks/Python.framework/Versions/3.14/lib/python3.14/ssl.py", line 455, in wrap_socket
    return self.sslsocket_class._create(
           ~~~~~~~~~~~~~~~~~~~~~~~~~~~~^
        sock=sock,
        ^^^^^^^^^^
    ...<5 lines>...
        session=session
        ^^^^^^^^^^^^^^^
    )
    ^
  File "/opt/homebrew/Cellar/python@3.14/3.14.3_1/Frameworks/Python.framework/Versions/3.14/lib/python3.14/ssl.py", line 1076, in _create
    self.do_handshake()
    ~~~~~~~~~~~~~~~~~^^
  File "/opt/homebrew/Cellar/python@3.14/3.14.3_1/Frameworks/Python.framework/Versions/3.14/lib/python3.14/ssl.py", line 1372, in do_handshake
    self._sslobj.do_handshake()
    ~~~~~~~~~~~~~~~~~~~~~~~~~^^
ssl.SSLCertVerificationError: [SSL: CERTIFICATE_VERIFY_FAILED] certificate verify failed: unable to get local issuer certificate (_ssl.c:1081)

During handling of the above exception, another exception occurred:

Traceback (most recent call last):
  File "/Users/lanie/Sites/Backend/Blog generator/app/services/seo_checker_service.py", line 145, in fetch_url
    with urlopen(request, timeout=FETCH_TIMEOUT, context=SSL_CONTEXT) as response:
         ~~~~~~~^^^^^^^^^^^^^^^^^^^^^^^^^^^^^^^^^^^^^^^^^^^^^^^^^^^^^
  File "/opt/homebrew/Cellar/python@3.14/3.14.3_1/Frameworks/Python.framework/Versions/3.14/lib/python3.14/urllib/request.py", line 187, in urlopen
    return opener.open(url, data, timeout)
           ~~~~~~~~~~~^^^^^^^^^^^^^^^^^^^^
  File "/opt/homebrew/Cellar/python@3.14/3.14.3_1/Frameworks/Python.framework/Versions/3.14/lib/python3.14/urllib/request.py", line 487, in open
    response = self._open(req, data)
  File "/opt/homebrew/Cellar/python@3.14/3.14.3_1/Frameworks/Python.framework/Versions/3.14/lib/python3.14/urllib/request.py", line 504, in _open
    result = self._call_chain(self.handle_open, protocol, protocol +
                              '_open', req)
  File "/opt/homebrew/Cellar/python@3.14/3.14.3_1/Frameworks/Python.framework/Versions/3.14/lib/python3.14/urllib/request.py", line 464, in _call_chain
    result = func(*args)
  File "/opt/homebrew/Cellar/python@3.14/3.14.3_1/Frameworks/Python.framework/Versions/3.14/lib/python3.14/urllib/request.py", line 1369, in https_open
    return self.do_open(http.client.HTTPSConnection, req,
           ~~~~~~~~~~~~^^^^^^^^^^^^^^^^^^^^^^^^^^^^^^^^^^
                        context=self._context)
                        ^^^^^^^^^^^^^^^^^^^^^^
  File "/opt/homebrew/Cellar/python@3.14/3.14.3_1/Frameworks/Python.framework/Versions/3.14/lib/python3.14/urllib/request.py", line 1324, in do_open
    raise URLError(err)
urllib.error.URLError: <urlopen error [SSL: CERTIFICATE_VERIFY_FAILED] certificate verify failed: unable to get local issuer certificate (_ssl.c:1081)>

The above exception was the direct cause of the following exception:

Traceback (most recent call last):
  File "/Users/lanie/Sites/Backend/Blog generator/app/controllers/tool_controller.py", line 23, in seo_checker
    state["result"] = run_seo_audit(state["url"])
                      ~~~~~~~~~~~~~^^^^^^^^^^^^^^
  File "/Users/lanie/Sites/Backend/Blog generator/app/services/seo_checker_service.py", line 104, in run_seo_audit
    page = fetch_url(url)
  File "/Users/lanie/Sites/Backend/Blog generator/app/services/seo_checker_service.py", line 159, in fetch_url
    raise ValueError(f"Could not reach that website: {exc.reason}") from exc
ValueError: Could not reach that website: [SSL: CERTIFICATE_VERIFY_FAILED] certificate verify failed: unable to get local issuer certificate (_ssl.c:1081)
2026-04-29 14:06:23,122 ERROR blog_generator tool_controller.py:25 seo_checker() - seo_checker action failed
Traceback (most recent call last):
  File "/opt/homebrew/Cellar/python@3.14/3.14.3_1/Frameworks/Python.framework/Versions/3.14/lib/python3.14/urllib/request.py", line 1321, in do_open
    h.request(req.get_method(), req.selector, req.data, headers,
    ~~~~~~~~~^^^^^^^^^^^^^^^^^^^^^^^^^^^^^^^^^^^^^^^^^^^^^^^^^^^
              encode_chunked=req.has_header('Transfer-encoding'))
              ^^^^^^^^^^^^^^^^^^^^^^^^^^^^^^^^^^^^^^^^^^^^^^^^^^^
  File "/opt/homebrew/Cellar/python@3.14/3.14.3_1/Frameworks/Python.framework/Versions/3.14/lib/python3.14/http/client.py", line 1358, in request
    self._send_request(method, url, body, headers, encode_chunked)
    ~~~~~~~~~~~~~~~~~~^^^^^^^^^^^^^^^^^^^^^^^^^^^^^^^^^^^^^^^^^^^^
  File "/opt/homebrew/Cellar/python@3.14/3.14.3_1/Frameworks/Python.framework/Versions/3.14/lib/python3.14/http/client.py", line 1404, in _send_request
    self.endheaders(body, encode_chunked=encode_chunked)
    ~~~~~~~~~~~~~~~^^^^^^^^^^^^^^^^^^^^^^^^^^^^^^^^^^^^^
  File "/opt/homebrew/Cellar/python@3.14/3.14.3_1/Frameworks/Python.framework/Versions/3.14/lib/python3.14/http/client.py", line 1353, in endheaders
    self._send_output(message_body, encode_chunked=encode_chunked)
    ~~~~~~~~~~~~~~~~~^^^^^^^^^^^^^^^^^^^^^^^^^^^^^^^^^^^^^^^^^^^^^
  File "/opt/homebrew/Cellar/python@3.14/3.14.3_1/Frameworks/Python.framework/Versions/3.14/lib/python3.14/http/client.py", line 1113, in _send_output
    self.send(msg)
    ~~~~~~~~~^^^^^
  File "/opt/homebrew/Cellar/python@3.14/3.14.3_1/Frameworks/Python.framework/Versions/3.14/lib/python3.14/http/client.py", line 1057, in send
    self.connect()
    ~~~~~~~~~~~~^^
  File "/opt/homebrew/Cellar/python@3.14/3.14.3_1/Frameworks/Python.framework/Versions/3.14/lib/python3.14/http/client.py", line 1499, in connect
    self.sock = self._context.wrap_socket(self.sock,
                ~~~~~~~~~~~~~~~~~~~~~~~~~^^^^^^^^^^^
                                          server_hostname=server_hostname)
                                          ^^^^^^^^^^^^^^^^^^^^^^^^^^^^^^^^
  File "/opt/homebrew/Cellar/python@3.14/3.14.3_1/Frameworks/Python.framework/Versions/3.14/lib/python3.14/ssl.py", line 455, in wrap_socket
    return self.sslsocket_class._create(
           ~~~~~~~~~~~~~~~~~~~~~~~~~~~~^
        sock=sock,
        ^^^^^^^^^^
    ...<5 lines>...
        session=session
        ^^^^^^^^^^^^^^^
    )
    ^
  File "/opt/homebrew/Cellar/python@3.14/3.14.3_1/Frameworks/Python.framework/Versions/3.14/lib/python3.14/ssl.py", line 1076, in _create
    self.do_handshake()
    ~~~~~~~~~~~~~~~~~^^
  File "/opt/homebrew/Cellar/python@3.14/3.14.3_1/Frameworks/Python.framework/Versions/3.14/lib/python3.14/ssl.py", line 1372, in do_handshake
    self._sslobj.do_handshake()
    ~~~~~~~~~~~~~~~~~~~~~~~~~^^
ssl.SSLCertVerificationError: [SSL: CERTIFICATE_VERIFY_FAILED] certificate verify failed: unable to get local issuer certificate (_ssl.c:1081)

During handling of the above exception, another exception occurred:

Traceback (most recent call last):
  File "/Users/lanie/Sites/Backend/Blog generator/app/services/seo_checker_service.py", line 145, in fetch_url
    with urlopen(request, timeout=FETCH_TIMEOUT, context=SSL_CONTEXT) as response:
         ~~~~~~~^^^^^^^^^^^^^^^^^^^^^^^^^^^^^^^^^^^^^^^^^^^^^^^^^^^^^
  File "/opt/homebrew/Cellar/python@3.14/3.14.3_1/Frameworks/Python.framework/Versions/3.14/lib/python3.14/urllib/request.py", line 187, in urlopen
    return opener.open(url, data, timeout)
           ~~~~~~~~~~~^^^^^^^^^^^^^^^^^^^^
  File "/opt/homebrew/Cellar/python@3.14/3.14.3_1/Frameworks/Python.framework/Versions/3.14/lib/python3.14/urllib/request.py", line 487, in open
    response = self._open(req, data)
  File "/opt/homebrew/Cellar/python@3.14/3.14.3_1/Frameworks/Python.framework/Versions/3.14/lib/python3.14/urllib/request.py", line 504, in _open
    result = self._call_chain(self.handle_open, protocol, protocol +
                              '_open', req)
  File "/opt/homebrew/Cellar/python@3.14/3.14.3_1/Frameworks/Python.framework/Versions/3.14/lib/python3.14/urllib/request.py", line 464, in _call_chain
    result = func(*args)
  File "/opt/homebrew/Cellar/python@3.14/3.14.3_1/Frameworks/Python.framework/Versions/3.14/lib/python3.14/urllib/request.py", line 1369, in https_open
    return self.do_open(http.client.HTTPSConnection, req,
           ~~~~~~~~~~~~^^^^^^^^^^^^^^^^^^^^^^^^^^^^^^^^^^
                        context=self._context)
                        ^^^^^^^^^^^^^^^^^^^^^^
  File "/opt/homebrew/Cellar/python@3.14/3.14.3_1/Frameworks/Python.framework/Versions/3.14/lib/python3.14/urllib/request.py", line 1324, in do_open
    raise URLError(err)
urllib.error.URLError: <urlopen error [SSL: CERTIFICATE_VERIFY_FAILED] certificate verify failed: unable to get local issuer certificate (_ssl.c:1081)>

The above exception was the direct cause of the following exception:

Traceback (most recent call last):
  File "/Users/lanie/Sites/Backend/Blog generator/app/controllers/tool_controller.py", line 23, in seo_checker
    state["result"] = run_seo_audit(state["url"])
                      ~~~~~~~~~~~~~^^^^^^^^^^^^^^
  File "/Users/lanie/Sites/Backend/Blog generator/app/services/seo_checker_service.py", line 104, in run_seo_audit
    page = fetch_url(url)
  File "/Users/lanie/Sites/Backend/Blog generator/app/services/seo_checker_service.py", line 159, in fetch_url
    raise ValueError(f"Could not reach that website: {exc.reason}") from exc
ValueError: Could not reach that website: [SSL: CERTIFICATE_VERIFY_FAILED] certificate verify failed: unable to get local issuer certificate (_ssl.c:1081)
2026-04-29 14:06:24,182 ERROR blog_generator tool_controller.py:25 seo_checker() - seo_checker action failed
Traceback (most recent call last):
  File "/opt/homebrew/Cellar/python@3.14/3.14.3_1/Frameworks/Python.framework/Versions/3.14/lib/python3.14/urllib/request.py", line 1321, in do_open
    h.request(req.get_method(), req.selector, req.data, headers,
    ~~~~~~~~~^^^^^^^^^^^^^^^^^^^^^^^^^^^^^^^^^^^^^^^^^^^^^^^^^^^
              encode_chunked=req.has_header('Transfer-encoding'))
              ^^^^^^^^^^^^^^^^^^^^^^^^^^^^^^^^^^^^^^^^^^^^^^^^^^^
  File "/opt/homebrew/Cellar/python@3.14/3.14.3_1/Frameworks/Python.framework/Versions/3.14/lib/python3.14/http/client.py", line 1358, in request
    self._send_request(method, url, body, headers, encode_chunked)
    ~~~~~~~~~~~~~~~~~~^^^^^^^^^^^^^^^^^^^^^^^^^^^^^^^^^^^^^^^^^^^^
  File "/opt/homebrew/Cellar/python@3.14/3.14.3_1/Frameworks/Python.framework/Versions/3.14/lib/python3.14/http/client.py", line 1404, in _send_request
    self.endheaders(body, encode_chunked=encode_chunked)
    ~~~~~~~~~~~~~~~^^^^^^^^^^^^^^^^^^^^^^^^^^^^^^^^^^^^^
  File "/opt/homebrew/Cellar/python@3.14/3.14.3_1/Frameworks/Python.framework/Versions/3.14/lib/python3.14/http/client.py", line 1353, in endheaders
    self._send_output(message_body, encode_chunked=encode_chunked)
    ~~~~~~~~~~~~~~~~~^^^^^^^^^^^^^^^^^^^^^^^^^^^^^^^^^^^^^^^^^^^^^
  File "/opt/homebrew/Cellar/python@3.14/3.14.3_1/Frameworks/Python.framework/Versions/3.14/lib/python3.14/http/client.py", line 1113, in _send_output
    self.send(msg)
    ~~~~~~~~~^^^^^
  File "/opt/homebrew/Cellar/python@3.14/3.14.3_1/Frameworks/Python.framework/Versions/3.14/lib/python3.14/http/client.py", line 1057, in send
    self.connect()
    ~~~~~~~~~~~~^^
  File "/opt/homebrew/Cellar/python@3.14/3.14.3_1/Frameworks/Python.framework/Versions/3.14/lib/python3.14/http/client.py", line 1499, in connect
    self.sock = self._context.wrap_socket(self.sock,
                ~~~~~~~~~~~~~~~~~~~~~~~~~^^^^^^^^^^^
                                          server_hostname=server_hostname)
                                          ^^^^^^^^^^^^^^^^^^^^^^^^^^^^^^^^
  File "/opt/homebrew/Cellar/python@3.14/3.14.3_1/Frameworks/Python.framework/Versions/3.14/lib/python3.14/ssl.py", line 455, in wrap_socket
    return self.sslsocket_class._create(
           ~~~~~~~~~~~~~~~~~~~~~~~~~~~~^
        sock=sock,
        ^^^^^^^^^^
    ...<5 lines>...
        session=session
        ^^^^^^^^^^^^^^^
    )
    ^
  File "/opt/homebrew/Cellar/python@3.14/3.14.3_1/Frameworks/Python.framework/Versions/3.14/lib/python3.14/ssl.py", line 1076, in _create
    self.do_handshake()
    ~~~~~~~~~~~~~~~~~^^
  File "/opt/homebrew/Cellar/python@3.14/3.14.3_1/Frameworks/Python.framework/Versions/3.14/lib/python3.14/ssl.py", line 1372, in do_handshake
    self._sslobj.do_handshake()
    ~~~~~~~~~~~~~~~~~~~~~~~~~^^
ssl.SSLCertVerificationError: [SSL: CERTIFICATE_VERIFY_FAILED] certificate verify failed: unable to get local issuer certificate (_ssl.c:1081)

During handling of the above exception, another exception occurred:

Traceback (most recent call last):
  File "/Users/lanie/Sites/Backend/Blog generator/app/services/seo_checker_service.py", line 145, in fetch_url
    with urlopen(request, timeout=FETCH_TIMEOUT, context=SSL_CONTEXT) as response:
         ~~~~~~~^^^^^^^^^^^^^^^^^^^^^^^^^^^^^^^^^^^^^^^^^^^^^^^^^^^^^
  File "/opt/homebrew/Cellar/python@3.14/3.14.3_1/Frameworks/Python.framework/Versions/3.14/lib/python3.14/urllib/request.py", line 187, in urlopen
    return opener.open(url, data, timeout)
           ~~~~~~~~~~~^^^^^^^^^^^^^^^^^^^^
  File "/opt/homebrew/Cellar/python@3.14/3.14.3_1/Frameworks/Python.framework/Versions/3.14/lib/python3.14/urllib/request.py", line 487, in open
    response = self._open(req, data)
  File "/opt/homebrew/Cellar/python@3.14/3.14.3_1/Frameworks/Python.framework/Versions/3.14/lib/python3.14/urllib/request.py", line 504, in _open
    result = self._call_chain(self.handle_open, protocol, protocol +
                              '_open', req)
  File "/opt/homebrew/Cellar/python@3.14/3.14.3_1/Frameworks/Python.framework/Versions/3.14/lib/python3.14/urllib/request.py", line 464, in _call_chain
    result = func(*args)
  File "/opt/homebrew/Cellar/python@3.14/3.14.3_1/Frameworks/Python.framework/Versions/3.14/lib/python3.14/urllib/request.py", line 1369, in https_open
    return self.do_open(http.client.HTTPSConnection, req,
           ~~~~~~~~~~~~^^^^^^^^^^^^^^^^^^^^^^^^^^^^^^^^^^
                        context=self._context)
                        ^^^^^^^^^^^^^^^^^^^^^^
  File "/opt/homebrew/Cellar/python@3.14/3.14.3_1/Frameworks/Python.framework/Versions/3.14/lib/python3.14/urllib/request.py", line 1324, in do_open
    raise URLError(err)
urllib.error.URLError: <urlopen error [SSL: CERTIFICATE_VERIFY_FAILED] certificate verify failed: unable to get local issuer certificate (_ssl.c:1081)>

The above exception was the direct cause of the following exception:

Traceback (most recent call last):
  File "/Users/lanie/Sites/Backend/Blog generator/app/controllers/tool_controller.py", line 23, in seo_checker
    state["result"] = run_seo_audit(state["url"])
                      ~~~~~~~~~~~~~^^^^^^^^^^^^^^
  File "/Users/lanie/Sites/Backend/Blog generator/app/services/seo_checker_service.py", line 104, in run_seo_audit
    page = fetch_url(url)
  File "/Users/lanie/Sites/Backend/Blog generator/app/services/seo_checker_service.py", line 159, in fetch_url
    raise ValueError(f"Could not reach that website: {exc.reason}") from exc
ValueError: Could not reach that website: [SSL: CERTIFICATE_VERIFY_FAILED] certificate verify failed: unable to get local issuer certificate (_ssl.c:1081)
2026-04-29 14:06:24,492 ERROR blog_generator tool_controller.py:25 seo_checker() - seo_checker action failed
Traceback (most recent call last):
  File "/opt/homebrew/Cellar/python@3.14/3.14.3_1/Frameworks/Python.framework/Versions/3.14/lib/python3.14/urllib/request.py", line 1321, in do_open
    h.request(req.get_method(), req.selector, req.data, headers,
    ~~~~~~~~~^^^^^^^^^^^^^^^^^^^^^^^^^^^^^^^^^^^^^^^^^^^^^^^^^^^
              encode_chunked=req.has_header('Transfer-encoding'))
              ^^^^^^^^^^^^^^^^^^^^^^^^^^^^^^^^^^^^^^^^^^^^^^^^^^^
  File "/opt/homebrew/Cellar/python@3.14/3.14.3_1/Frameworks/Python.framework/Versions/3.14/lib/python3.14/http/client.py", line 1358, in request
    self._send_request(method, url, body, headers, encode_chunked)
    ~~~~~~~~~~~~~~~~~~^^^^^^^^^^^^^^^^^^^^^^^^^^^^^^^^^^^^^^^^^^^^
  File "/opt/homebrew/Cellar/python@3.14/3.14.3_1/Frameworks/Python.framework/Versions/3.14/lib/python3.14/http/client.py", line 1404, in _send_request
    self.endheaders(body, encode_chunked=encode_chunked)
    ~~~~~~~~~~~~~~~^^^^^^^^^^^^^^^^^^^^^^^^^^^^^^^^^^^^^
  File "/opt/homebrew/Cellar/python@3.14/3.14.3_1/Frameworks/Python.framework/Versions/3.14/lib/python3.14/http/client.py", line 1353, in endheaders
    self._send_output(message_body, encode_chunked=encode_chunked)
    ~~~~~~~~~~~~~~~~~^^^^^^^^^^^^^^^^^^^^^^^^^^^^^^^^^^^^^^^^^^^^^
  File "/opt/homebrew/Cellar/python@3.14/3.14.3_1/Frameworks/Python.framework/Versions/3.14/lib/python3.14/http/client.py", line 1113, in _send_output
    self.send(msg)
    ~~~~~~~~~^^^^^
  File "/opt/homebrew/Cellar/python@3.14/3.14.3_1/Frameworks/Python.framework/Versions/3.14/lib/python3.14/http/client.py", line 1057, in send
    self.connect()
    ~~~~~~~~~~~~^^
  File "/opt/homebrew/Cellar/python@3.14/3.14.3_1/Frameworks/Python.framework/Versions/3.14/lib/python3.14/http/client.py", line 1499, in connect
    self.sock = self._context.wrap_socket(self.sock,
                ~~~~~~~~~~~~~~~~~~~~~~~~~^^^^^^^^^^^
                                          server_hostname=server_hostname)
                                          ^^^^^^^^^^^^^^^^^^^^^^^^^^^^^^^^
  File "/opt/homebrew/Cellar/python@3.14/3.14.3_1/Frameworks/Python.framework/Versions/3.14/lib/python3.14/ssl.py", line 455, in wrap_socket
    return self.sslsocket_class._create(
           ~~~~~~~~~~~~~~~~~~~~~~~~~~~~^
        sock=sock,
        ^^^^^^^^^^
    ...<5 lines>...
        session=session
        ^^^^^^^^^^^^^^^
    )
    ^
  File "/opt/homebrew/Cellar/python@3.14/3.14.3_1/Frameworks/Python.framework/Versions/3.14/lib/python3.14/ssl.py", line 1076, in _create
    self.do_handshake()
    ~~~~~~~~~~~~~~~~~^^
  File "/opt/homebrew/Cellar/python@3.14/3.14.3_1/Frameworks/Python.framework/Versions/3.14/lib/python3.14/ssl.py", line 1372, in do_handshake
    self._sslobj.do_handshake()
    ~~~~~~~~~~~~~~~~~~~~~~~~~^^
ssl.SSLCertVerificationError: [SSL: CERTIFICATE_VERIFY_FAILED] certificate verify failed: unable to get local issuer certificate (_ssl.c:1081)

During handling of the above exception, another exception occurred:

Traceback (most recent call last):
  File "/Users/lanie/Sites/Backend/Blog generator/app/services/seo_checker_service.py", line 145, in fetch_url
    with urlopen(request, timeout=FETCH_TIMEOUT, context=SSL_CONTEXT) as response:
         ~~~~~~~^^^^^^^^^^^^^^^^^^^^^^^^^^^^^^^^^^^^^^^^^^^^^^^^^^^^^
  File "/opt/homebrew/Cellar/python@3.14/3.14.3_1/Frameworks/Python.framework/Versions/3.14/lib/python3.14/urllib/request.py", line 187, in urlopen
    return opener.open(url, data, timeout)
           ~~~~~~~~~~~^^^^^^^^^^^^^^^^^^^^
  File "/opt/homebrew/Cellar/python@3.14/3.14.3_1/Frameworks/Python.framework/Versions/3.14/lib/python3.14/urllib/request.py", line 487, in open
    response = self._open(req, data)
  File "/opt/homebrew/Cellar/python@3.14/3.14.3_1/Frameworks/Python.framework/Versions/3.14/lib/python3.14/urllib/request.py", line 504, in _open
    result = self._call_chain(self.handle_open, protocol, protocol +
                              '_open', req)
  File "/opt/homebrew/Cellar/python@3.14/3.14.3_1/Frameworks/Python.framework/Versions/3.14/lib/python3.14/urllib/request.py", line 464, in _call_chain
    result = func(*args)
  File "/opt/homebrew/Cellar/python@3.14/3.14.3_1/Frameworks/Python.framework/Versions/3.14/lib/python3.14/urllib/request.py", line 1369, in https_open
    return self.do_open(http.client.HTTPSConnection, req,
           ~~~~~~~~~~~~^^^^^^^^^^^^^^^^^^^^^^^^^^^^^^^^^^
                        context=self._context)
                        ^^^^^^^^^^^^^^^^^^^^^^
  File "/opt/homebrew/Cellar/python@3.14/3.14.3_1/Frameworks/Python.framework/Versions/3.14/lib/python3.14/urllib/request.py", line 1324, in do_open
    raise URLError(err)
urllib.error.URLError: <urlopen error [SSL: CERTIFICATE_VERIFY_FAILED] certificate verify failed: unable to get local issuer certificate (_ssl.c:1081)>

The above exception was the direct cause of the following exception:

Traceback (most recent call last):
  File "/Users/lanie/Sites/Backend/Blog generator/app/controllers/tool_controller.py", line 23, in seo_checker
    state["result"] = run_seo_audit(state["url"])
                      ~~~~~~~~~~~~~^^^^^^^^^^^^^^
  File "/Users/lanie/Sites/Backend/Blog generator/app/services/seo_checker_service.py", line 104, in run_seo_audit
    page = fetch_url(url)
  File "/Users/lanie/Sites/Backend/Blog generator/app/services/seo_checker_service.py", line 159, in fetch_url
    raise ValueError(f"Could not reach that website: {exc.reason}") from exc
ValueError: Could not reach that website: [SSL: CERTIFICATE_VERIFY_FAILED] certificate verify failed: unable to get local issuer certificate (_ssl.c:1081)
2026-04-29 14:06:25,344 ERROR blog_generator tool_controller.py:25 seo_checker() - seo_checker action failed
Traceback (most recent call last):
  File "/opt/homebrew/Cellar/python@3.14/3.14.3_1/Frameworks/Python.framework/Versions/3.14/lib/python3.14/urllib/request.py", line 1321, in do_open
    h.request(req.get_method(), req.selector, req.data, headers,
    ~~~~~~~~~^^^^^^^^^^^^^^^^^^^^^^^^^^^^^^^^^^^^^^^^^^^^^^^^^^^
              encode_chunked=req.has_header('Transfer-encoding'))
              ^^^^^^^^^^^^^^^^^^^^^^^^^^^^^^^^^^^^^^^^^^^^^^^^^^^
  File "/opt/homebrew/Cellar/python@3.14/3.14.3_1/Frameworks/Python.framework/Versions/3.14/lib/python3.14/http/client.py", line 1358, in request
    self._send_request(method, url, body, headers, encode_chunked)
    ~~~~~~~~~~~~~~~~~~^^^^^^^^^^^^^^^^^^^^^^^^^^^^^^^^^^^^^^^^^^^^
  File "/opt/homebrew/Cellar/python@3.14/3.14.3_1/Frameworks/Python.framework/Versions/3.14/lib/python3.14/http/client.py", line 1404, in _send_request
    self.endheaders(body, encode_chunked=encode_chunked)
    ~~~~~~~~~~~~~~~^^^^^^^^^^^^^^^^^^^^^^^^^^^^^^^^^^^^^
  File "/opt/homebrew/Cellar/python@3.14/3.14.3_1/Frameworks/Python.framework/Versions/3.14/lib/python3.14/http/client.py", line 1353, in endheaders
    self._send_output(message_body, encode_chunked=encode_chunked)
    ~~~~~~~~~~~~~~~~~^^^^^^^^^^^^^^^^^^^^^^^^^^^^^^^^^^^^^^^^^^^^^
  File "/opt/homebrew/Cellar/python@3.14/3.14.3_1/Frameworks/Python.framework/Versions/3.14/lib/python3.14/http/client.py", line 1113, in _send_output
    self.send(msg)
    ~~~~~~~~~^^^^^
  File "/opt/homebrew/Cellar/python@3.14/3.14.3_1/Frameworks/Python.framework/Versions/3.14/lib/python3.14/http/client.py", line 1057, in send
    self.connect()
    ~~~~~~~~~~~~^^
  File "/opt/homebrew/Cellar/python@3.14/3.14.3_1/Frameworks/Python.framework/Versions/3.14/lib/python3.14/http/client.py", line 1499, in connect
    self.sock = self._context.wrap_socket(self.sock,
                ~~~~~~~~~~~~~~~~~~~~~~~~~^^^^^^^^^^^
                                          server_hostname=server_hostname)
                                          ^^^^^^^^^^^^^^^^^^^^^^^^^^^^^^^^
  File "/opt/homebrew/Cellar/python@3.14/3.14.3_1/Frameworks/Python.framework/Versions/3.14/lib/python3.14/ssl.py", line 455, in wrap_socket
    return self.sslsocket_class._create(
           ~~~~~~~~~~~~~~~~~~~~~~~~~~~~^
        sock=sock,
        ^^^^^^^^^^
    ...<5 lines>...
        session=session
        ^^^^^^^^^^^^^^^
    )
    ^
  File "/opt/homebrew/Cellar/python@3.14/3.14.3_1/Frameworks/Python.framework/Versions/3.14/lib/python3.14/ssl.py", line 1076, in _create
    self.do_handshake()
    ~~~~~~~~~~~~~~~~~^^
  File "/opt/homebrew/Cellar/python@3.14/3.14.3_1/Frameworks/Python.framework/Versions/3.14/lib/python3.14/ssl.py", line 1372, in do_handshake
    self._sslobj.do_handshake()
    ~~~~~~~~~~~~~~~~~~~~~~~~~^^
ssl.SSLCertVerificationError: [SSL: CERTIFICATE_VERIFY_FAILED] certificate verify failed: unable to get local issuer certificate (_ssl.c:1081)

During handling of the above exception, another exception occurred:

Traceback (most recent call last):
  File "/Users/lanie/Sites/Backend/Blog generator/app/services/seo_checker_service.py", line 145, in fetch_url
    with urlopen(request, timeout=FETCH_TIMEOUT, context=SSL_CONTEXT) as response:
         ~~~~~~~^^^^^^^^^^^^^^^^^^^^^^^^^^^^^^^^^^^^^^^^^^^^^^^^^^^^^
  File "/opt/homebrew/Cellar/python@3.14/3.14.3_1/Frameworks/Python.framework/Versions/3.14/lib/python3.14/urllib/request.py", line 187, in urlopen
    return opener.open(url, data, timeout)
           ~~~~~~~~~~~^^^^^^^^^^^^^^^^^^^^
  File "/opt/homebrew/Cellar/python@3.14/3.14.3_1/Frameworks/Python.framework/Versions/3.14/lib/python3.14/urllib/request.py", line 487, in open
    response = self._open(req, data)
  File "/opt/homebrew/Cellar/python@3.14/3.14.3_1/Frameworks/Python.framework/Versions/3.14/lib/python3.14/urllib/request.py", line 504, in _open
    result = self._call_chain(self.handle_open, protocol, protocol +
                              '_open', req)
  File "/opt/homebrew/Cellar/python@3.14/3.14.3_1/Frameworks/Python.framework/Versions/3.14/lib/python3.14/urllib/request.py", line 464, in _call_chain
    result = func(*args)
  File "/opt/homebrew/Cellar/python@3.14/3.14.3_1/Frameworks/Python.framework/Versions/3.14/lib/python3.14/urllib/request.py", line 1369, in https_open
    return self.do_open(http.client.HTTPSConnection, req,
           ~~~~~~~~~~~~^^^^^^^^^^^^^^^^^^^^^^^^^^^^^^^^^^
                        context=self._context)
                        ^^^^^^^^^^^^^^^^^^^^^^
  File "/opt/homebrew/Cellar/python@3.14/3.14.3_1/Frameworks/Python.framework/Versions/3.14/lib/python3.14/urllib/request.py", line 1324, in do_open
    raise URLError(err)
urllib.error.URLError: <urlopen error [SSL: CERTIFICATE_VERIFY_FAILED] certificate verify failed: unable to get local issuer certificate (_ssl.c:1081)>

The above exception was the direct cause of the following exception:

Traceback (most recent call last):
  File "/Users/lanie/Sites/Backend/Blog generator/app/controllers/tool_controller.py", line 23, in seo_checker
    state["result"] = run_seo_audit(state["url"])
                      ~~~~~~~~~~~~~^^^^^^^^^^^^^^
  File "/Users/lanie/Sites/Backend/Blog generator/app/services/seo_checker_service.py", line 104, in run_seo_audit
    page = fetch_url(url)
  File "/Users/lanie/Sites/Backend/Blog generator/app/services/seo_checker_service.py", line 159, in fetch_url
    raise ValueError(f"Could not reach that website: {exc.reason}") from exc
ValueError: Could not reach that website: [SSL: CERTIFICATE_VERIFY_FAILED] certificate verify failed: unable to get local issuer certificate (_ssl.c:1081)
2026-04-29 15:10:37,233 ERROR blog_generator tool_controller.py:27 seo_checker() - seo_checker action failed
Traceback (most recent call last):
  File "/opt/homebrew/Cellar/python@3.14/3.14.3_1/Frameworks/Python.framework/Versions/3.14/lib/python3.14/urllib/request.py", line 1321, in do_open
    h.request(req.get_method(), req.selector, req.data, headers,
    ~~~~~~~~~^^^^^^^^^^^^^^^^^^^^^^^^^^^^^^^^^^^^^^^^^^^^^^^^^^^
              encode_chunked=req.has_header('Transfer-encoding'))
              ^^^^^^^^^^^^^^^^^^^^^^^^^^^^^^^^^^^^^^^^^^^^^^^^^^^
  File "/opt/homebrew/Cellar/python@3.14/3.14.3_1/Frameworks/Python.framework/Versions/3.14/lib/python3.14/http/client.py", line 1358, in request
    self._send_request(method, url, body, headers, encode_chunked)
    ~~~~~~~~~~~~~~~~~~^^^^^^^^^^^^^^^^^^^^^^^^^^^^^^^^^^^^^^^^^^^^
  File "/opt/homebrew/Cellar/python@3.14/3.14.3_1/Frameworks/Python.framework/Versions/3.14/lib/python3.14/http/client.py", line 1404, in _send_request
    self.endheaders(body, encode_chunked=encode_chunked)
    ~~~~~~~~~~~~~~~^^^^^^^^^^^^^^^^^^^^^^^^^^^^^^^^^^^^^
  File "/opt/homebrew/Cellar/python@3.14/3.14.3_1/Frameworks/Python.framework/Versions/3.14/lib/python3.14/http/client.py", line 1353, in endheaders
    self._send_output(message_body, encode_chunked=encode_chunked)
    ~~~~~~~~~~~~~~~~~^^^^^^^^^^^^^^^^^^^^^^^^^^^^^^^^^^^^^^^^^^^^^
  File "/opt/homebrew/Cellar/python@3.14/3.14.3_1/Frameworks/Python.framework/Versions/3.14/lib/python3.14/http/client.py", line 1113, in _send_output
    self.send(msg)
    ~~~~~~~~~^^^^^
  File "/opt/homebrew/Cellar/python@3.14/3.14.3_1/Frameworks/Python.framework/Versions/3.14/lib/python3.14/http/client.py", line 1057, in send
    self.connect()
    ~~~~~~~~~~~~^^
  File "/opt/homebrew/Cellar/python@3.14/3.14.3_1/Frameworks/Python.framework/Versions/3.14/lib/python3.14/http/client.py", line 1499, in connect
    self.sock = self._context.wrap_socket(self.sock,
                ~~~~~~~~~~~~~~~~~~~~~~~~~^^^^^^^^^^^
                                          server_hostname=server_hostname)
                                          ^^^^^^^^^^^^^^^^^^^^^^^^^^^^^^^^
  File "/Users/lanie/Sites/Backend/Blog generator/venv/lib/python3.14/site-packages/pip/_vendor/truststore/_api.py", line 130, in wrap_socket
    _verify_peercerts(ssl_sock, server_hostname=server_hostname)
    ~~~~~~~~~~~~~~~~~^^^^^^^^^^^^^^^^^^^^^^^^^^^^^^^^^^^^^^^^^^^
  File "/Users/lanie/Sites/Backend/Blog generator/venv/lib/python3.14/site-packages/pip/_vendor/truststore/_api.py", line 339, in _verify_peercerts
    _verify_peercerts_impl(
    ~~~~~~~~~~~~~~~~~~~~~~^
        sock_or_sslobj.context, cert_bytes, server_hostname=server_hostname
        ^^^^^^^^^^^^^^^^^^^^^^^^^^^^^^^^^^^^^^^^^^^^^^^^^^^^^^^^^^^^^^^^^^^
    )
    ^
  File "/Users/lanie/Sites/Backend/Blog generator/venv/lib/python3.14/site-packages/pip/_vendor/truststore/_macos.py", line 459, in _verify_peercerts_impl
    _verify_peercerts_impl_macos_10_14(ssl_context, trust)
    ~~~~~~~~~~~~~~~~~~~~~~~~~~~~~~~~~~^^^^^^^^^^^^^^^^^^^^
  File "/Users/lanie/Sites/Backend/Blog generator/venv/lib/python3.14/site-packages/pip/_vendor/truststore/_macos.py", line 568, in _verify_peercerts_impl_macos_10_14
    raise err
ssl.SSLCertVerificationError: ('“CloudFlare Origin Certificate” certificate is not standards compliant',)

During handling of the above exception, another exception occurred:

Traceback (most recent call last):
  File "/Users/lanie/Sites/Backend/Blog generator/app/services/seo_checker_service.py", line 148, in fetch_url
    with urlopen(request, timeout=FETCH_TIMEOUT, context=ssl_context) as response:
         ~~~~~~~^^^^^^^^^^^^^^^^^^^^^^^^^^^^^^^^^^^^^^^^^^^^^^^^^^^^^
  File "/opt/homebrew/Cellar/python@3.14/3.14.3_1/Frameworks/Python.framework/Versions/3.14/lib/python3.14/urllib/request.py", line 187, in urlopen
    return opener.open(url, data, timeout)
           ~~~~~~~~~~~^^^^^^^^^^^^^^^^^^^^
  File "/opt/homebrew/Cellar/python@3.14/3.14.3_1/Frameworks/Python.framework/Versions/3.14/lib/python3.14/urllib/request.py", line 487, in open
    response = self._open(req, data)
  File "/opt/homebrew/Cellar/python@3.14/3.14.3_1/Frameworks/Python.framework/Versions/3.14/lib/python3.14/urllib/request.py", line 504, in _open
    result = self._call_chain(self.handle_open, protocol, protocol +
                              '_open', req)
  File "/opt/homebrew/Cellar/python@3.14/3.14.3_1/Frameworks/Python.framework/Versions/3.14/lib/python3.14/urllib/request.py", line 464, in _call_chain
    result = func(*args)
  File "/opt/homebrew/Cellar/python@3.14/3.14.3_1/Frameworks/Python.framework/Versions/3.14/lib/python3.14/urllib/request.py", line 1369, in https_open
    return self.do_open(http.client.HTTPSConnection, req,
           ~~~~~~~~~~~~^^^^^^^^^^^^^^^^^^^^^^^^^^^^^^^^^^
                        context=self._context)
                        ^^^^^^^^^^^^^^^^^^^^^^
  File "/opt/homebrew/Cellar/python@3.14/3.14.3_1/Frameworks/Python.framework/Versions/3.14/lib/python3.14/urllib/request.py", line 1324, in do_open
    raise URLError(err)
urllib.error.URLError: <urlopen error ('“CloudFlare Origin Certificate” certificate is not standards compliant',)>

The above exception was the direct cause of the following exception:

Traceback (most recent call last):
  File "/Users/lanie/Sites/Backend/Blog generator/app/controllers/tool_controller.py", line 25, in seo_checker
    state["result"] = run_seo_audit(state["url"], verify_ssl=not state["ignore_ssl_errors"])
                      ~~~~~~~~~~~~~^^^^^^^^^^^^^^^^^^^^^^^^^^^^^^^^^^^^^^^^^^^^^^^^^^^^^^^^^
  File "/Users/lanie/Sites/Backend/Blog generator/app/services/seo_checker_service.py", line 105, in run_seo_audit
    page = fetch_url(url, verify_ssl=verify_ssl)
  File "/Users/lanie/Sites/Backend/Blog generator/app/services/seo_checker_service.py", line 169, in fetch_url
    raise ValueError(f"Could not reach that website: {exc.reason}") from exc
ValueError: Could not reach that website: ('“CloudFlare Origin Certificate” certificate is not standards compliant',)
2026-04-29 15:10:41,263 ERROR blog_generator tool_controller.py:27 seo_checker() - seo_checker action failed
Traceback (most recent call last):
  File "/opt/homebrew/Cellar/python@3.14/3.14.3_1/Frameworks/Python.framework/Versions/3.14/lib/python3.14/urllib/request.py", line 1321, in do_open
    h.request(req.get_method(), req.selector, req.data, headers,
    ~~~~~~~~~^^^^^^^^^^^^^^^^^^^^^^^^^^^^^^^^^^^^^^^^^^^^^^^^^^^
              encode_chunked=req.has_header('Transfer-encoding'))
              ^^^^^^^^^^^^^^^^^^^^^^^^^^^^^^^^^^^^^^^^^^^^^^^^^^^
  File "/opt/homebrew/Cellar/python@3.14/3.14.3_1/Frameworks/Python.framework/Versions/3.14/lib/python3.14/http/client.py", line 1358, in request
    self._send_request(method, url, body, headers, encode_chunked)
    ~~~~~~~~~~~~~~~~~~^^^^^^^^^^^^^^^^^^^^^^^^^^^^^^^^^^^^^^^^^^^^
  File "/opt/homebrew/Cellar/python@3.14/3.14.3_1/Frameworks/Python.framework/Versions/3.14/lib/python3.14/http/client.py", line 1404, in _send_request
    self.endheaders(body, encode_chunked=encode_chunked)
    ~~~~~~~~~~~~~~~^^^^^^^^^^^^^^^^^^^^^^^^^^^^^^^^^^^^^
  File "/opt/homebrew/Cellar/python@3.14/3.14.3_1/Frameworks/Python.framework/Versions/3.14/lib/python3.14/http/client.py", line 1353, in endheaders
    self._send_output(message_body, encode_chunked=encode_chunked)
    ~~~~~~~~~~~~~~~~~^^^^^^^^^^^^^^^^^^^^^^^^^^^^^^^^^^^^^^^^^^^^^
  File "/opt/homebrew/Cellar/python@3.14/3.14.3_1/Frameworks/Python.framework/Versions/3.14/lib/python3.14/http/client.py", line 1113, in _send_output
    self.send(msg)
    ~~~~~~~~~^^^^^
  File "/opt/homebrew/Cellar/python@3.14/3.14.3_1/Frameworks/Python.framework/Versions/3.14/lib/python3.14/http/client.py", line 1057, in send
    self.connect()
    ~~~~~~~~~~~~^^
  File "/opt/homebrew/Cellar/python@3.14/3.14.3_1/Frameworks/Python.framework/Versions/3.14/lib/python3.14/http/client.py", line 1499, in connect
    self.sock = self._context.wrap_socket(self.sock,
                ~~~~~~~~~~~~~~~~~~~~~~~~~^^^^^^^^^^^
                                          server_hostname=server_hostname)
                                          ^^^^^^^^^^^^^^^^^^^^^^^^^^^^^^^^
  File "/Users/lanie/Sites/Backend/Blog generator/venv/lib/python3.14/site-packages/pip/_vendor/truststore/_api.py", line 130, in wrap_socket
    _verify_peercerts(ssl_sock, server_hostname=server_hostname)
    ~~~~~~~~~~~~~~~~~^^^^^^^^^^^^^^^^^^^^^^^^^^^^^^^^^^^^^^^^^^^
  File "/Users/lanie/Sites/Backend/Blog generator/venv/lib/python3.14/site-packages/pip/_vendor/truststore/_api.py", line 339, in _verify_peercerts
    _verify_peercerts_impl(
    ~~~~~~~~~~~~~~~~~~~~~~^
        sock_or_sslobj.context, cert_bytes, server_hostname=server_hostname
        ^^^^^^^^^^^^^^^^^^^^^^^^^^^^^^^^^^^^^^^^^^^^^^^^^^^^^^^^^^^^^^^^^^^
    )
    ^
  File "/Users/lanie/Sites/Backend/Blog generator/venv/lib/python3.14/site-packages/pip/_vendor/truststore/_macos.py", line 459, in _verify_peercerts_impl
    _verify_peercerts_impl_macos_10_14(ssl_context, trust)
    ~~~~~~~~~~~~~~~~~~~~~~~~~~~~~~~~~~^^^^^^^^^^^^^^^^^^^^
  File "/Users/lanie/Sites/Backend/Blog generator/venv/lib/python3.14/site-packages/pip/_vendor/truststore/_macos.py", line 568, in _verify_peercerts_impl_macos_10_14
    raise err
ssl.SSLCertVerificationError: ('“CloudFlare Origin Certificate” certificate is not standards compliant',)

During handling of the above exception, another exception occurred:

Traceback (most recent call last):
  File "/Users/lanie/Sites/Backend/Blog generator/app/services/seo_checker_service.py", line 148, in fetch_url
    with urlopen(request, timeout=FETCH_TIMEOUT, context=ssl_context) as response:
         ~~~~~~~^^^^^^^^^^^^^^^^^^^^^^^^^^^^^^^^^^^^^^^^^^^^^^^^^^^^^
  File "/opt/homebrew/Cellar/python@3.14/3.14.3_1/Frameworks/Python.framework/Versions/3.14/lib/python3.14/urllib/request.py", line 187, in urlopen
    return opener.open(url, data, timeout)
           ~~~~~~~~~~~^^^^^^^^^^^^^^^^^^^^
  File "/opt/homebrew/Cellar/python@3.14/3.14.3_1/Frameworks/Python.framework/Versions/3.14/lib/python3.14/urllib/request.py", line 487, in open
    response = self._open(req, data)
  File "/opt/homebrew/Cellar/python@3.14/3.14.3_1/Frameworks/Python.framework/Versions/3.14/lib/python3.14/urllib/request.py", line 504, in _open
    result = self._call_chain(self.handle_open, protocol, protocol +
                              '_open', req)
  File "/opt/homebrew/Cellar/python@3.14/3.14.3_1/Frameworks/Python.framework/Versions/3.14/lib/python3.14/urllib/request.py", line 464, in _call_chain
    result = func(*args)
  File "/opt/homebrew/Cellar/python@3.14/3.14.3_1/Frameworks/Python.framework/Versions/3.14/lib/python3.14/urllib/request.py", line 1369, in https_open
    return self.do_open(http.client.HTTPSConnection, req,
           ~~~~~~~~~~~~^^^^^^^^^^^^^^^^^^^^^^^^^^^^^^^^^^
                        context=self._context)
                        ^^^^^^^^^^^^^^^^^^^^^^
  File "/opt/homebrew/Cellar/python@3.14/3.14.3_1/Frameworks/Python.framework/Versions/3.14/lib/python3.14/urllib/request.py", line 1324, in do_open
    raise URLError(err)
urllib.error.URLError: <urlopen error ('“CloudFlare Origin Certificate” certificate is not standards compliant',)>

The above exception was the direct cause of the following exception:

Traceback (most recent call last):
  File "/Users/lanie/Sites/Backend/Blog generator/app/controllers/tool_controller.py", line 25, in seo_checker
    state["result"] = run_seo_audit(state["url"], verify_ssl=not state["ignore_ssl_errors"])
                      ~~~~~~~~~~~~~^^^^^^^^^^^^^^^^^^^^^^^^^^^^^^^^^^^^^^^^^^^^^^^^^^^^^^^^^
  File "/Users/lanie/Sites/Backend/Blog generator/app/services/seo_checker_service.py", line 105, in run_seo_audit
    page = fetch_url(url, verify_ssl=verify_ssl)
  File "/Users/lanie/Sites/Backend/Blog generator/app/services/seo_checker_service.py", line 169, in fetch_url
    raise ValueError(f"Could not reach that website: {exc.reason}") from exc
ValueError: Could not reach that website: ('“CloudFlare Origin Certificate” certificate is not standards compliant',)
2026-04-29 15:10:43,673 ERROR blog_generator tool_controller.py:27 seo_checker() - seo_checker action failed
Traceback (most recent call last):
  File "/opt/homebrew/Cellar/python@3.14/3.14.3_1/Frameworks/Python.framework/Versions/3.14/lib/python3.14/urllib/request.py", line 1321, in do_open
    h.request(req.get_method(), req.selector, req.data, headers,
    ~~~~~~~~~^^^^^^^^^^^^^^^^^^^^^^^^^^^^^^^^^^^^^^^^^^^^^^^^^^^
              encode_chunked=req.has_header('Transfer-encoding'))
              ^^^^^^^^^^^^^^^^^^^^^^^^^^^^^^^^^^^^^^^^^^^^^^^^^^^
  File "/opt/homebrew/Cellar/python@3.14/3.14.3_1/Frameworks/Python.framework/Versions/3.14/lib/python3.14/http/client.py", line 1358, in request
    self._send_request(method, url, body, headers, encode_chunked)
    ~~~~~~~~~~~~~~~~~~^^^^^^^^^^^^^^^^^^^^^^^^^^^^^^^^^^^^^^^^^^^^
  File "/opt/homebrew/Cellar/python@3.14/3.14.3_1/Frameworks/Python.framework/Versions/3.14/lib/python3.14/http/client.py", line 1404, in _send_request
    self.endheaders(body, encode_chunked=encode_chunked)
    ~~~~~~~~~~~~~~~^^^^^^^^^^^^^^^^^^^^^^^^^^^^^^^^^^^^^
  File "/opt/homebrew/Cellar/python@3.14/3.14.3_1/Frameworks/Python.framework/Versions/3.14/lib/python3.14/http/client.py", line 1353, in endheaders
    self._send_output(message_body, encode_chunked=encode_chunked)
    ~~~~~~~~~~~~~~~~~^^^^^^^^^^^^^^^^^^^^^^^^^^^^^^^^^^^^^^^^^^^^^
  File "/opt/homebrew/Cellar/python@3.14/3.14.3_1/Frameworks/Python.framework/Versions/3.14/lib/python3.14/http/client.py", line 1113, in _send_output
    self.send(msg)
    ~~~~~~~~~^^^^^
  File "/opt/homebrew/Cellar/python@3.14/3.14.3_1/Frameworks/Python.framework/Versions/3.14/lib/python3.14/http/client.py", line 1057, in send
    self.connect()
    ~~~~~~~~~~~~^^
  File "/opt/homebrew/Cellar/python@3.14/3.14.3_1/Frameworks/Python.framework/Versions/3.14/lib/python3.14/http/client.py", line 1499, in connect
    self.sock = self._context.wrap_socket(self.sock,
                ~~~~~~~~~~~~~~~~~~~~~~~~~^^^^^^^^^^^
                                          server_hostname=server_hostname)
                                          ^^^^^^^^^^^^^^^^^^^^^^^^^^^^^^^^
  File "/Users/lanie/Sites/Backend/Blog generator/venv/lib/python3.14/site-packages/pip/_vendor/truststore/_api.py", line 130, in wrap_socket
    _verify_peercerts(ssl_sock, server_hostname=server_hostname)
    ~~~~~~~~~~~~~~~~~^^^^^^^^^^^^^^^^^^^^^^^^^^^^^^^^^^^^^^^^^^^
  File "/Users/lanie/Sites/Backend/Blog generator/venv/lib/python3.14/site-packages/pip/_vendor/truststore/_api.py", line 339, in _verify_peercerts
    _verify_peercerts_impl(
    ~~~~~~~~~~~~~~~~~~~~~~^
        sock_or_sslobj.context, cert_bytes, server_hostname=server_hostname
        ^^^^^^^^^^^^^^^^^^^^^^^^^^^^^^^^^^^^^^^^^^^^^^^^^^^^^^^^^^^^^^^^^^^
    )
    ^
  File "/Users/lanie/Sites/Backend/Blog generator/venv/lib/python3.14/site-packages/pip/_vendor/truststore/_macos.py", line 459, in _verify_peercerts_impl
    _verify_peercerts_impl_macos_10_14(ssl_context, trust)
    ~~~~~~~~~~~~~~~~~~~~~~~~~~~~~~~~~~^^^^^^^^^^^^^^^^^^^^
  File "/Users/lanie/Sites/Backend/Blog generator/venv/lib/python3.14/site-packages/pip/_vendor/truststore/_macos.py", line 568, in _verify_peercerts_impl_macos_10_14
    raise err
ssl.SSLCertVerificationError: ('“CloudFlare Origin Certificate” certificate is not standards compliant',)

During handling of the above exception, another exception occurred:

Traceback (most recent call last):
  File "/Users/lanie/Sites/Backend/Blog generator/app/services/seo_checker_service.py", line 148, in fetch_url
    with urlopen(request, timeout=FETCH_TIMEOUT, context=ssl_context) as response:
         ~~~~~~~^^^^^^^^^^^^^^^^^^^^^^^^^^^^^^^^^^^^^^^^^^^^^^^^^^^^^
  File "/opt/homebrew/Cellar/python@3.14/3.14.3_1/Frameworks/Python.framework/Versions/3.14/lib/python3.14/urllib/request.py", line 187, in urlopen
    return opener.open(url, data, timeout)
           ~~~~~~~~~~~^^^^^^^^^^^^^^^^^^^^
  File "/opt/homebrew/Cellar/python@3.14/3.14.3_1/Frameworks/Python.framework/Versions/3.14/lib/python3.14/urllib/request.py", line 487, in open
    response = self._open(req, data)
  File "/opt/homebrew/Cellar/python@3.14/3.14.3_1/Frameworks/Python.framework/Versions/3.14/lib/python3.14/urllib/request.py", line 504, in _open
    result = self._call_chain(self.handle_open, protocol, protocol +
                              '_open', req)
  File "/opt/homebrew/Cellar/python@3.14/3.14.3_1/Frameworks/Python.framework/Versions/3.14/lib/python3.14/urllib/request.py", line 464, in _call_chain
    result = func(*args)
  File "/opt/homebrew/Cellar/python@3.14/3.14.3_1/Frameworks/Python.framework/Versions/3.14/lib/python3.14/urllib/request.py", line 1369, in https_open
    return self.do_open(http.client.HTTPSConnection, req,
           ~~~~~~~~~~~~^^^^^^^^^^^^^^^^^^^^^^^^^^^^^^^^^^
                        context=self._context)
                        ^^^^^^^^^^^^^^^^^^^^^^
  File "/opt/homebrew/Cellar/python@3.14/3.14.3_1/Frameworks/Python.framework/Versions/3.14/lib/python3.14/urllib/request.py", line 1324, in do_open
    raise URLError(err)
urllib.error.URLError: <urlopen error ('“CloudFlare Origin Certificate” certificate is not standards compliant',)>

The above exception was the direct cause of the following exception:

Traceback (most recent call last):
  File "/Users/lanie/Sites/Backend/Blog generator/app/controllers/tool_controller.py", line 25, in seo_checker
    state["result"] = run_seo_audit(state["url"], verify_ssl=not state["ignore_ssl_errors"])
                      ~~~~~~~~~~~~~^^^^^^^^^^^^^^^^^^^^^^^^^^^^^^^^^^^^^^^^^^^^^^^^^^^^^^^^^
  File "/Users/lanie/Sites/Backend/Blog generator/app/services/seo_checker_service.py", line 105, in run_seo_audit
    page = fetch_url(url, verify_ssl=verify_ssl)
  File "/Users/lanie/Sites/Backend/Blog generator/app/services/seo_checker_service.py", line 169, in fetch_url
    raise ValueError(f"Could not reach that website: {exc.reason}") from exc
ValueError: Could not reach that website: ('“CloudFlare Origin Certificate” certificate is not standards compliant',)
2026-04-29 15:25:16,774 WARNING blog_generator content_generator.py:59 _generate_content_from_prompt() - Content word count is 561 (minimum: 800) on attempt 1/3. Raw response length: 4208 chars
2026-04-29 15:38:49,254 WARNING blog_generator content_generator.py:50 _generate_content_from_prompt() - Content used banned terms instant on attempt 1/3
2026-04-29 15:40:07,258 INFO blog_generator content_generator.py:69 _generate_content_from_prompt() - Content generated successfully with 807 words on attempt 2/3
2026-04-29 15:40:12,467 ERROR blog_generator backlink_blog_controller.py:197 _handle_generate_content() - backlink generate_content action failed
Traceback (most recent call last):
  File "/Users/lanie/Sites/Backend/Blog generator/app/controllers/backlink_blog_controller.py", line 189, in _handle_generate_content
    record_blog(
    ~~~~~~~~~~~^
        brand=state["brand"],
        ^^^^^^^^^^^^^^^^^^^^^
    ...<2 lines>...
        supporting_keyword=state["supporting_keyword"],
        ^^^^^^^^^^^^^^^^^^^^^^^^^^^^^^^^^^^^^^^^^^^^^^^
    )
    ^
  File "/Users/lanie/Sites/Backend/Blog generator/database/pages.py", line 103, in record_blog
    keyword_record = get_or_create_keyword(keyword_value)
  File "/Users/lanie/Sites/Backend/Blog generator/database/keywords.py", line 20, in get_or_create_keyword
    cursor = connection.execute(
        "INSERT INTO keywords (keyword, normalized_keyword) VALUES (?, ?)",
        (keyword_value, normalized),
    )
sqlite3.OperationalError: database is locked
2026-04-29 16:35:17,175 ERROR blog_generator tool_controller.py:27 seo_checker() - seo_checker action failed
Traceback (most recent call last):
  File "/opt/homebrew/Cellar/python@3.14/3.14.3_1/Frameworks/Python.framework/Versions/3.14/lib/python3.14/urllib/request.py", line 1321, in do_open
    h.request(req.get_method(), req.selector, req.data, headers,
    ~~~~~~~~~^^^^^^^^^^^^^^^^^^^^^^^^^^^^^^^^^^^^^^^^^^^^^^^^^^^
              encode_chunked=req.has_header('Transfer-encoding'))
              ^^^^^^^^^^^^^^^^^^^^^^^^^^^^^^^^^^^^^^^^^^^^^^^^^^^
  File "/opt/homebrew/Cellar/python@3.14/3.14.3_1/Frameworks/Python.framework/Versions/3.14/lib/python3.14/http/client.py", line 1358, in request
    self._send_request(method, url, body, headers, encode_chunked)
    ~~~~~~~~~~~~~~~~~~^^^^^^^^^^^^^^^^^^^^^^^^^^^^^^^^^^^^^^^^^^^^
  File "/opt/homebrew/Cellar/python@3.14/3.14.3_1/Frameworks/Python.framework/Versions/3.14/lib/python3.14/http/client.py", line 1404, in _send_request
    self.endheaders(body, encode_chunked=encode_chunked)
    ~~~~~~~~~~~~~~~^^^^^^^^^^^^^^^^^^^^^^^^^^^^^^^^^^^^^
  File "/opt/homebrew/Cellar/python@3.14/3.14.3_1/Frameworks/Python.framework/Versions/3.14/lib/python3.14/http/client.py", line 1353, in endheaders
    self._send_output(message_body, encode_chunked=encode_chunked)
    ~~~~~~~~~~~~~~~~~^^^^^^^^^^^^^^^^^^^^^^^^^^^^^^^^^^^^^^^^^^^^^
  File "/opt/homebrew/Cellar/python@3.14/3.14.3_1/Frameworks/Python.framework/Versions/3.14/lib/python3.14/http/client.py", line 1113, in _send_output
    self.send(msg)
    ~~~~~~~~~^^^^^
  File "/opt/homebrew/Cellar/python@3.14/3.14.3_1/Frameworks/Python.framework/Versions/3.14/lib/python3.14/http/client.py", line 1057, in send
    self.connect()
    ~~~~~~~~~~~~^^
  File "/opt/homebrew/Cellar/python@3.14/3.14.3_1/Frameworks/Python.framework/Versions/3.14/lib/python3.14/http/client.py", line 1499, in connect
    self.sock = self._context.wrap_socket(self.sock,
                ~~~~~~~~~~~~~~~~~~~~~~~~~^^^^^^^^^^^
                                          server_hostname=server_hostname)
                                          ^^^^^^^^^^^^^^^^^^^^^^^^^^^^^^^^
  File "/Users/lanie/Sites/Backend/Blog generator/venv/lib/python3.14/site-packages/pip/_vendor/truststore/_api.py", line 130, in wrap_socket
    _verify_peercerts(ssl_sock, server_hostname=server_hostname)
    ~~~~~~~~~~~~~~~~~^^^^^^^^^^^^^^^^^^^^^^^^^^^^^^^^^^^^^^^^^^^
  File "/Users/lanie/Sites/Backend/Blog generator/venv/lib/python3.14/site-packages/pip/_vendor/truststore/_api.py", line 339, in _verify_peercerts
    _verify_peercerts_impl(
    ~~~~~~~~~~~~~~~~~~~~~~^
        sock_or_sslobj.context, cert_bytes, server_hostname=server_hostname
        ^^^^^^^^^^^^^^^^^^^^^^^^^^^^^^^^^^^^^^^^^^^^^^^^^^^^^^^^^^^^^^^^^^^
    )
    ^
  File "/Users/lanie/Sites/Backend/Blog generator/venv/lib/python3.14/site-packages/pip/_vendor/truststore/_macos.py", line 459, in _verify_peercerts_impl
    _verify_peercerts_impl_macos_10_14(ssl_context, trust)
    ~~~~~~~~~~~~~~~~~~~~~~~~~~~~~~~~~~^^^^^^^^^^^^^^^^^^^^
  File "/Users/lanie/Sites/Backend/Blog generator/venv/lib/python3.14/site-packages/pip/_vendor/truststore/_macos.py", line 568, in _verify_peercerts_impl_macos_10_14
    raise err
ssl.SSLCertVerificationError: ('“CloudFlare Origin Certificate” certificate is not standards compliant',)

During handling of the above exception, another exception occurred:

Traceback (most recent call last):
  File "/Users/lanie/Sites/Backend/Blog generator/app/services/seo_checker_service.py", line 151, in fetch_url
    with urlopen(request, timeout=FETCH_TIMEOUT, context=ssl_context) as response:
         ~~~~~~~^^^^^^^^^^^^^^^^^^^^^^^^^^^^^^^^^^^^^^^^^^^^^^^^^^^^^
  File "/opt/homebrew/Cellar/python@3.14/3.14.3_1/Frameworks/Python.framework/Versions/3.14/lib/python3.14/urllib/request.py", line 187, in urlopen
    return opener.open(url, data, timeout)
           ~~~~~~~~~~~^^^^^^^^^^^^^^^^^^^^
  File "/opt/homebrew/Cellar/python@3.14/3.14.3_1/Frameworks/Python.framework/Versions/3.14/lib/python3.14/urllib/request.py", line 487, in open
    response = self._open(req, data)
  File "/opt/homebrew/Cellar/python@3.14/3.14.3_1/Frameworks/Python.framework/Versions/3.14/lib/python3.14/urllib/request.py", line 504, in _open
    result = self._call_chain(self.handle_open, protocol, protocol +
                              '_open', req)
  File "/opt/homebrew/Cellar/python@3.14/3.14.3_1/Frameworks/Python.framework/Versions/3.14/lib/python3.14/urllib/request.py", line 464, in _call_chain
    result = func(*args)
  File "/opt/homebrew/Cellar/python@3.14/3.14.3_1/Frameworks/Python.framework/Versions/3.14/lib/python3.14/urllib/request.py", line 1369, in https_open
    return self.do_open(http.client.HTTPSConnection, req,
           ~~~~~~~~~~~~^^^^^^^^^^^^^^^^^^^^^^^^^^^^^^^^^^
                        context=self._context)
                        ^^^^^^^^^^^^^^^^^^^^^^
  File "/opt/homebrew/Cellar/python@3.14/3.14.3_1/Frameworks/Python.framework/Versions/3.14/lib/python3.14/urllib/request.py", line 1324, in do_open
    raise URLError(err)
urllib.error.URLError: <urlopen error ('“CloudFlare Origin Certificate” certificate is not standards compliant',)>

The above exception was the direct cause of the following exception:

Traceback (most recent call last):
  File "/Users/lanie/Sites/Backend/Blog generator/app/controllers/tool_controller.py", line 25, in seo_checker
    state["result"] = run_seo_audit(state["url"], verify_ssl=not state["ignore_ssl_errors"])
                      ~~~~~~~~~~~~~^^^^^^^^^^^^^^^^^^^^^^^^^^^^^^^^^^^^^^^^^^^^^^^^^^^^^^^^^
  File "/Users/lanie/Sites/Backend/Blog generator/app/services/seo_checker_service.py", line 107, in run_seo_audit
    page = fetch_url(url, verify_ssl=verify_ssl)
  File "/Users/lanie/Sites/Backend/Blog generator/app/services/seo_checker_service.py", line 179, in fetch_url
    raise ValueError(f"Could not reach that website: {exc.reason}") from exc
ValueError: Could not reach that website: ('“CloudFlare Origin Certificate” certificate is not standards compliant',)
2026-04-29 16:35:18,303 ERROR blog_generator tool_controller.py:27 seo_checker() - seo_checker action failed
Traceback (most recent call last):
  File "/opt/homebrew/Cellar/python@3.14/3.14.3_1/Frameworks/Python.framework/Versions/3.14/lib/python3.14/urllib/request.py", line 1321, in do_open
    h.request(req.get_method(), req.selector, req.data, headers,
    ~~~~~~~~~^^^^^^^^^^^^^^^^^^^^^^^^^^^^^^^^^^^^^^^^^^^^^^^^^^^
              encode_chunked=req.has_header('Transfer-encoding'))
              ^^^^^^^^^^^^^^^^^^^^^^^^^^^^^^^^^^^^^^^^^^^^^^^^^^^
  File "/opt/homebrew/Cellar/python@3.14/3.14.3_1/Frameworks/Python.framework/Versions/3.14/lib/python3.14/http/client.py", line 1358, in request
    self._send_request(method, url, body, headers, encode_chunked)
    ~~~~~~~~~~~~~~~~~~^^^^^^^^^^^^^^^^^^^^^^^^^^^^^^^^^^^^^^^^^^^^
  File "/opt/homebrew/Cellar/python@3.14/3.14.3_1/Frameworks/Python.framework/Versions/3.14/lib/python3.14/http/client.py", line 1404, in _send_request
    self.endheaders(body, encode_chunked=encode_chunked)
    ~~~~~~~~~~~~~~~^^^^^^^^^^^^^^^^^^^^^^^^^^^^^^^^^^^^^
  File "/opt/homebrew/Cellar/python@3.14/3.14.3_1/Frameworks/Python.framework/Versions/3.14/lib/python3.14/http/client.py", line 1353, in endheaders
    self._send_output(message_body, encode_chunked=encode_chunked)
    ~~~~~~~~~~~~~~~~~^^^^^^^^^^^^^^^^^^^^^^^^^^^^^^^^^^^^^^^^^^^^^
  File "/opt/homebrew/Cellar/python@3.14/3.14.3_1/Frameworks/Python.framework/Versions/3.14/lib/python3.14/http/client.py", line 1113, in _send_output
    self.send(msg)
    ~~~~~~~~~^^^^^
  File "/opt/homebrew/Cellar/python@3.14/3.14.3_1/Frameworks/Python.framework/Versions/3.14/lib/python3.14/http/client.py", line 1057, in send
    self.connect()
    ~~~~~~~~~~~~^^
  File "/opt/homebrew/Cellar/python@3.14/3.14.3_1/Frameworks/Python.framework/Versions/3.14/lib/python3.14/http/client.py", line 1499, in connect
    self.sock = self._context.wrap_socket(self.sock,
                ~~~~~~~~~~~~~~~~~~~~~~~~~^^^^^^^^^^^
                                          server_hostname=server_hostname)
                                          ^^^^^^^^^^^^^^^^^^^^^^^^^^^^^^^^
  File "/Users/lanie/Sites/Backend/Blog generator/venv/lib/python3.14/site-packages/pip/_vendor/truststore/_api.py", line 130, in wrap_socket
    _verify_peercerts(ssl_sock, server_hostname=server_hostname)
    ~~~~~~~~~~~~~~~~~^^^^^^^^^^^^^^^^^^^^^^^^^^^^^^^^^^^^^^^^^^^
  File "/Users/lanie/Sites/Backend/Blog generator/venv/lib/python3.14/site-packages/pip/_vendor/truststore/_api.py", line 339, in _verify_peercerts
    _verify_peercerts_impl(
    ~~~~~~~~~~~~~~~~~~~~~~^
        sock_or_sslobj.context, cert_bytes, server_hostname=server_hostname
        ^^^^^^^^^^^^^^^^^^^^^^^^^^^^^^^^^^^^^^^^^^^^^^^^^^^^^^^^^^^^^^^^^^^
    )
    ^
  File "/Users/lanie/Sites/Backend/Blog generator/venv/lib/python3.14/site-packages/pip/_vendor/truststore/_macos.py", line 459, in _verify_peercerts_impl
    _verify_peercerts_impl_macos_10_14(ssl_context, trust)
    ~~~~~~~~~~~~~~~~~~~~~~~~~~~~~~~~~~^^^^^^^^^^^^^^^^^^^^
  File "/Users/lanie/Sites/Backend/Blog generator/venv/lib/python3.14/site-packages/pip/_vendor/truststore/_macos.py", line 568, in _verify_peercerts_impl_macos_10_14
    raise err
ssl.SSLCertVerificationError: ('“CloudFlare Origin Certificate” certificate is not standards compliant',)

During handling of the above exception, another exception occurred:

Traceback (most recent call last):
  File "/Users/lanie/Sites/Backend/Blog generator/app/services/seo_checker_service.py", line 151, in fetch_url
    with urlopen(request, timeout=FETCH_TIMEOUT, context=ssl_context) as response:
         ~~~~~~~^^^^^^^^^^^^^^^^^^^^^^^^^^^^^^^^^^^^^^^^^^^^^^^^^^^^^
  File "/opt/homebrew/Cellar/python@3.14/3.14.3_1/Frameworks/Python.framework/Versions/3.14/lib/python3.14/urllib/request.py", line 187, in urlopen
    return opener.open(url, data, timeout)
           ~~~~~~~~~~~^^^^^^^^^^^^^^^^^^^^
  File "/opt/homebrew/Cellar/python@3.14/3.14.3_1/Frameworks/Python.framework/Versions/3.14/lib/python3.14/urllib/request.py", line 487, in open
    response = self._open(req, data)
  File "/opt/homebrew/Cellar/python@3.14/3.14.3_1/Frameworks/Python.framework/Versions/3.14/lib/python3.14/urllib/request.py", line 504, in _open
    result = self._call_chain(self.handle_open, protocol, protocol +
                              '_open', req)
  File "/opt/homebrew/Cellar/python@3.14/3.14.3_1/Frameworks/Python.framework/Versions/3.14/lib/python3.14/urllib/request.py", line 464, in _call_chain
    result = func(*args)
  File "/opt/homebrew/Cellar/python@3.14/3.14.3_1/Frameworks/Python.framework/Versions/3.14/lib/python3.14/urllib/request.py", line 1369, in https_open
    return self.do_open(http.client.HTTPSConnection, req,
           ~~~~~~~~~~~~^^^^^^^^^^^^^^^^^^^^^^^^^^^^^^^^^^
                        context=self._context)
                        ^^^^^^^^^^^^^^^^^^^^^^
  File "/opt/homebrew/Cellar/python@3.14/3.14.3_1/Frameworks/Python.framework/Versions/3.14/lib/python3.14/urllib/request.py", line 1324, in do_open
    raise URLError(err)
urllib.error.URLError: <urlopen error ('“CloudFlare Origin Certificate” certificate is not standards compliant',)>

The above exception was the direct cause of the following exception:

Traceback (most recent call last):
  File "/Users/lanie/Sites/Backend/Blog generator/app/controllers/tool_controller.py", line 25, in seo_checker
    state["result"] = run_seo_audit(state["url"], verify_ssl=not state["ignore_ssl_errors"])
                      ~~~~~~~~~~~~~^^^^^^^^^^^^^^^^^^^^^^^^^^^^^^^^^^^^^^^^^^^^^^^^^^^^^^^^^
  File "/Users/lanie/Sites/Backend/Blog generator/app/services/seo_checker_service.py", line 107, in run_seo_audit
    page = fetch_url(url, verify_ssl=verify_ssl)
  File "/Users/lanie/Sites/Backend/Blog generator/app/services/seo_checker_service.py", line 179, in fetch_url
    raise ValueError(f"Could not reach that website: {exc.reason}") from exc
ValueError: Could not reach that website: ('“CloudFlare Origin Certificate” certificate is not standards compliant',)
2026-04-29 16:35:25,495 ERROR blog_generator tool_controller.py:27 seo_checker() - seo_checker action failed
Traceback (most recent call last):
  File "/opt/homebrew/Cellar/python@3.14/3.14.3_1/Frameworks/Python.framework/Versions/3.14/lib/python3.14/urllib/request.py", line 1321, in do_open
    h.request(req.get_method(), req.selector, req.data, headers,
    ~~~~~~~~~^^^^^^^^^^^^^^^^^^^^^^^^^^^^^^^^^^^^^^^^^^^^^^^^^^^
              encode_chunked=req.has_header('Transfer-encoding'))
              ^^^^^^^^^^^^^^^^^^^^^^^^^^^^^^^^^^^^^^^^^^^^^^^^^^^
  File "/opt/homebrew/Cellar/python@3.14/3.14.3_1/Frameworks/Python.framework/Versions/3.14/lib/python3.14/http/client.py", line 1358, in request
    self._send_request(method, url, body, headers, encode_chunked)
    ~~~~~~~~~~~~~~~~~~^^^^^^^^^^^^^^^^^^^^^^^^^^^^^^^^^^^^^^^^^^^^
  File "/opt/homebrew/Cellar/python@3.14/3.14.3_1/Frameworks/Python.framework/Versions/3.14/lib/python3.14/http/client.py", line 1404, in _send_request
    self.endheaders(body, encode_chunked=encode_chunked)
    ~~~~~~~~~~~~~~~^^^^^^^^^^^^^^^^^^^^^^^^^^^^^^^^^^^^^
  File "/opt/homebrew/Cellar/python@3.14/3.14.3_1/Frameworks/Python.framework/Versions/3.14/lib/python3.14/http/client.py", line 1353, in endheaders
    self._send_output(message_body, encode_chunked=encode_chunked)
    ~~~~~~~~~~~~~~~~~^^^^^^^^^^^^^^^^^^^^^^^^^^^^^^^^^^^^^^^^^^^^^
  File "/opt/homebrew/Cellar/python@3.14/3.14.3_1/Frameworks/Python.framework/Versions/3.14/lib/python3.14/http/client.py", line 1113, in _send_output
    self.send(msg)
    ~~~~~~~~~^^^^^
  File "/opt/homebrew/Cellar/python@3.14/3.14.3_1/Frameworks/Python.framework/Versions/3.14/lib/python3.14/http/client.py", line 1057, in send
    self.connect()
    ~~~~~~~~~~~~^^
  File "/opt/homebrew/Cellar/python@3.14/3.14.3_1/Frameworks/Python.framework/Versions/3.14/lib/python3.14/http/client.py", line 1499, in connect
    self.sock = self._context.wrap_socket(self.sock,
                ~~~~~~~~~~~~~~~~~~~~~~~~~^^^^^^^^^^^
                                          server_hostname=server_hostname)
                                          ^^^^^^^^^^^^^^^^^^^^^^^^^^^^^^^^
  File "/Users/lanie/Sites/Backend/Blog generator/venv/lib/python3.14/site-packages/pip/_vendor/truststore/_api.py", line 130, in wrap_socket
    _verify_peercerts(ssl_sock, server_hostname=server_hostname)
    ~~~~~~~~~~~~~~~~~^^^^^^^^^^^^^^^^^^^^^^^^^^^^^^^^^^^^^^^^^^^
  File "/Users/lanie/Sites/Backend/Blog generator/venv/lib/python3.14/site-packages/pip/_vendor/truststore/_api.py", line 339, in _verify_peercerts
    _verify_peercerts_impl(
    ~~~~~~~~~~~~~~~~~~~~~~^
        sock_or_sslobj.context, cert_bytes, server_hostname=server_hostname
        ^^^^^^^^^^^^^^^^^^^^^^^^^^^^^^^^^^^^^^^^^^^^^^^^^^^^^^^^^^^^^^^^^^^
    )
    ^
  File "/Users/lanie/Sites/Backend/Blog generator/venv/lib/python3.14/site-packages/pip/_vendor/truststore/_macos.py", line 459, in _verify_peercerts_impl
    _verify_peercerts_impl_macos_10_14(ssl_context, trust)
    ~~~~~~~~~~~~~~~~~~~~~~~~~~~~~~~~~~^^^^^^^^^^^^^^^^^^^^
  File "/Users/lanie/Sites/Backend/Blog generator/venv/lib/python3.14/site-packages/pip/_vendor/truststore/_macos.py", line 568, in _verify_peercerts_impl_macos_10_14
    raise err
ssl.SSLCertVerificationError: ('“CloudFlare Origin Certificate” certificate is not standards compliant',)

During handling of the above exception, another exception occurred:

Traceback (most recent call last):
  File "/Users/lanie/Sites/Backend/Blog generator/app/services/seo_checker_service.py", line 151, in fetch_url
    with urlopen(request, timeout=FETCH_TIMEOUT, context=ssl_context) as response:
         ~~~~~~~^^^^^^^^^^^^^^^^^^^^^^^^^^^^^^^^^^^^^^^^^^^^^^^^^^^^^
  File "/opt/homebrew/Cellar/python@3.14/3.14.3_1/Frameworks/Python.framework/Versions/3.14/lib/python3.14/urllib/request.py", line 187, in urlopen
    return opener.open(url, data, timeout)
           ~~~~~~~~~~~^^^^^^^^^^^^^^^^^^^^
  File "/opt/homebrew/Cellar/python@3.14/3.14.3_1/Frameworks/Python.framework/Versions/3.14/lib/python3.14/urllib/request.py", line 487, in open
    response = self._open(req, data)
  File "/opt/homebrew/Cellar/python@3.14/3.14.3_1/Frameworks/Python.framework/Versions/3.14/lib/python3.14/urllib/request.py", line 504, in _open
    result = self._call_chain(self.handle_open, protocol, protocol +
                              '_open', req)
  File "/opt/homebrew/Cellar/python@3.14/3.14.3_1/Frameworks/Python.framework/Versions/3.14/lib/python3.14/urllib/request.py", line 464, in _call_chain
    result = func(*args)
  File "/opt/homebrew/Cellar/python@3.14/3.14.3_1/Frameworks/Python.framework/Versions/3.14/lib/python3.14/urllib/request.py", line 1369, in https_open
    return self.do_open(http.client.HTTPSConnection, req,
           ~~~~~~~~~~~~^^^^^^^^^^^^^^^^^^^^^^^^^^^^^^^^^^
                        context=self._context)
                        ^^^^^^^^^^^^^^^^^^^^^^
  File "/opt/homebrew/Cellar/python@3.14/3.14.3_1/Frameworks/Python.framework/Versions/3.14/lib/python3.14/urllib/request.py", line 1324, in do_open
    raise URLError(err)
urllib.error.URLError: <urlopen error ('“CloudFlare Origin Certificate” certificate is not standards compliant',)>

The above exception was the direct cause of the following exception:

Traceback (most recent call last):
  File "/Users/lanie/Sites/Backend/Blog generator/app/controllers/tool_controller.py", line 25, in seo_checker
    state["result"] = run_seo_audit(state["url"], verify_ssl=not state["ignore_ssl_errors"])
                      ~~~~~~~~~~~~~^^^^^^^^^^^^^^^^^^^^^^^^^^^^^^^^^^^^^^^^^^^^^^^^^^^^^^^^^
  File "/Users/lanie/Sites/Backend/Blog generator/app/services/seo_checker_service.py", line 107, in run_seo_audit
    page = fetch_url(url, verify_ssl=verify_ssl)
  File "/Users/lanie/Sites/Backend/Blog generator/app/services/seo_checker_service.py", line 179, in fetch_url
    raise ValueError(f"Could not reach that website: {exc.reason}") from exc
ValueError: Could not reach that website: ('“CloudFlare Origin Certificate” certificate is not standards compliant',)
2026-04-30 10:11:28,813 WARNING blog_generator content_generator.py:59 _generate_content_from_prompt() - Content word count is 217 (minimum: 800) on attempt 1/3. Raw response length: 1895 chars
2026-04-30 10:12:21,668 WARNING blog_generator content_generator.py:59 _generate_content_from_prompt() - Content word count is 503 (minimum: 800) on attempt 2/3. Raw response length: 3847 chars
2026-04-30 10:13:34,508 WARNING blog_generator content_generator.py:59 _generate_content_from_prompt() - Content word count is 377 (minimum: 800) on attempt 3/3. Raw response length: 3144 chars
2026-04-30 10:13:34,509 ERROR blog_generator backlink_blog_controller.py:202 _handle_generate_content() - backlink generate_content action failed
Traceback (most recent call last):
  File "/Users/lanie/Sites/Backend/Blog generator/app/controllers/backlink_blog_controller.py", line 182, in _handle_generate_content
    state["content"] = generate_backlink_content(
                       ~~~~~~~~~~~~~~~~~~~~~~~~~^
        provider,
        ^^^^^^^^^
    ...<8 lines>...
        **backlink_context,
        ^^^^^^^^^^^^^^^^^^^
    )
    ^
  File "/Users/lanie/Sites/Backend/Blog generator/generators/content_generator.py", line 186, in generate_backlink_content
    content = _generate_content_from_prompt(provider, prompt)
  File "/Users/lanie/Sites/Backend/Blog generator/generators/content_generator.py", line 83, in _generate_content_from_prompt
    raise ValueError(
    ...<2 lines>...
    )
ValueError: Generated article could not satisfy the rules after 3 attempts. Last attempt was 377 words.
2026-04-30 10:29:16,253 ERROR blog_generator tool_controller.py:27 seo_checker() - seo_checker action failed
Traceback (most recent call last):
  File "/opt/homebrew/Cellar/python@3.14/3.14.3_1/Frameworks/Python.framework/Versions/3.14/lib/python3.14/urllib/request.py", line 1321, in do_open
    h.request(req.get_method(), req.selector, req.data, headers,
    ~~~~~~~~~^^^^^^^^^^^^^^^^^^^^^^^^^^^^^^^^^^^^^^^^^^^^^^^^^^^
              encode_chunked=req.has_header('Transfer-encoding'))
              ^^^^^^^^^^^^^^^^^^^^^^^^^^^^^^^^^^^^^^^^^^^^^^^^^^^
  File "/opt/homebrew/Cellar/python@3.14/3.14.3_1/Frameworks/Python.framework/Versions/3.14/lib/python3.14/http/client.py", line 1358, in request
    self._send_request(method, url, body, headers, encode_chunked)
    ~~~~~~~~~~~~~~~~~~^^^^^^^^^^^^^^^^^^^^^^^^^^^^^^^^^^^^^^^^^^^^
  File "/opt/homebrew/Cellar/python@3.14/3.14.3_1/Frameworks/Python.framework/Versions/3.14/lib/python3.14/http/client.py", line 1404, in _send_request
    self.endheaders(body, encode_chunked=encode_chunked)
    ~~~~~~~~~~~~~~~^^^^^^^^^^^^^^^^^^^^^^^^^^^^^^^^^^^^^
  File "/opt/homebrew/Cellar/python@3.14/3.14.3_1/Frameworks/Python.framework/Versions/3.14/lib/python3.14/http/client.py", line 1353, in endheaders
    self._send_output(message_body, encode_chunked=encode_chunked)
    ~~~~~~~~~~~~~~~~~^^^^^^^^^^^^^^^^^^^^^^^^^^^^^^^^^^^^^^^^^^^^^
  File "/opt/homebrew/Cellar/python@3.14/3.14.3_1/Frameworks/Python.framework/Versions/3.14/lib/python3.14/http/client.py", line 1113, in _send_output
    self.send(msg)
    ~~~~~~~~~^^^^^
  File "/opt/homebrew/Cellar/python@3.14/3.14.3_1/Frameworks/Python.framework/Versions/3.14/lib/python3.14/http/client.py", line 1057, in send
    self.connect()
    ~~~~~~~~~~~~^^
  File "/opt/homebrew/Cellar/python@3.14/3.14.3_1/Frameworks/Python.framework/Versions/3.14/lib/python3.14/http/client.py", line 1499, in connect
    self.sock = self._context.wrap_socket(self.sock,
                ~~~~~~~~~~~~~~~~~~~~~~~~~^^^^^^^^^^^
                                          server_hostname=server_hostname)
                                          ^^^^^^^^^^^^^^^^^^^^^^^^^^^^^^^^
  File "/Users/lanie/Sites/Backend/Blog generator/venv/lib/python3.14/site-packages/pip/_vendor/truststore/_api.py", line 130, in wrap_socket
    _verify_peercerts(ssl_sock, server_hostname=server_hostname)
    ~~~~~~~~~~~~~~~~~^^^^^^^^^^^^^^^^^^^^^^^^^^^^^^^^^^^^^^^^^^^
  File "/Users/lanie/Sites/Backend/Blog generator/venv/lib/python3.14/site-packages/pip/_vendor/truststore/_api.py", line 339, in _verify_peercerts
    _verify_peercerts_impl(
    ~~~~~~~~~~~~~~~~~~~~~~^
        sock_or_sslobj.context, cert_bytes, server_hostname=server_hostname
        ^^^^^^^^^^^^^^^^^^^^^^^^^^^^^^^^^^^^^^^^^^^^^^^^^^^^^^^^^^^^^^^^^^^
    )
    ^
  File "/Users/lanie/Sites/Backend/Blog generator/venv/lib/python3.14/site-packages/pip/_vendor/truststore/_macos.py", line 459, in _verify_peercerts_impl
    _verify_peercerts_impl_macos_10_14(ssl_context, trust)
    ~~~~~~~~~~~~~~~~~~~~~~~~~~~~~~~~~~^^^^^^^^^^^^^^^^^^^^
  File "/Users/lanie/Sites/Backend/Blog generator/venv/lib/python3.14/site-packages/pip/_vendor/truststore/_macos.py", line 568, in _verify_peercerts_impl_macos_10_14
    raise err
ssl.SSLCertVerificationError: ('“CloudFlare Origin Certificate” certificate is not standards compliant',)

During handling of the above exception, another exception occurred:

Traceback (most recent call last):
  File "/Users/lanie/Sites/Backend/Blog generator/app/services/seo_checker_service.py", line 151, in fetch_url
    with urlopen(request, timeout=FETCH_TIMEOUT, context=ssl_context) as response:
         ~~~~~~~^^^^^^^^^^^^^^^^^^^^^^^^^^^^^^^^^^^^^^^^^^^^^^^^^^^^^
  File "/opt/homebrew/Cellar/python@3.14/3.14.3_1/Frameworks/Python.framework/Versions/3.14/lib/python3.14/urllib/request.py", line 187, in urlopen
    return opener.open(url, data, timeout)
           ~~~~~~~~~~~^^^^^^^^^^^^^^^^^^^^
  File "/opt/homebrew/Cellar/python@3.14/3.14.3_1/Frameworks/Python.framework/Versions/3.14/lib/python3.14/urllib/request.py", line 487, in open
    response = self._open(req, data)
  File "/opt/homebrew/Cellar/python@3.14/3.14.3_1/Frameworks/Python.framework/Versions/3.14/lib/python3.14/urllib/request.py", line 504, in _open
    result = self._call_chain(self.handle_open, protocol, protocol +
                              '_open', req)
  File "/opt/homebrew/Cellar/python@3.14/3.14.3_1/Frameworks/Python.framework/Versions/3.14/lib/python3.14/urllib/request.py", line 464, in _call_chain
    result = func(*args)
  File "/opt/homebrew/Cellar/python@3.14/3.14.3_1/Frameworks/Python.framework/Versions/3.14/lib/python3.14/urllib/request.py", line 1369, in https_open
    return self.do_open(http.client.HTTPSConnection, req,
           ~~~~~~~~~~~~^^^^^^^^^^^^^^^^^^^^^^^^^^^^^^^^^^
                        context=self._context)
                        ^^^^^^^^^^^^^^^^^^^^^^
  File "/opt/homebrew/Cellar/python@3.14/3.14.3_1/Frameworks/Python.framework/Versions/3.14/lib/python3.14/urllib/request.py", line 1324, in do_open
    raise URLError(err)
urllib.error.URLError: <urlopen error ('“CloudFlare Origin Certificate” certificate is not standards compliant',)>

The above exception was the direct cause of the following exception:

Traceback (most recent call last):
  File "/Users/lanie/Sites/Backend/Blog generator/app/controllers/tool_controller.py", line 25, in seo_checker
    state["result"] = run_seo_audit(state["url"], verify_ssl=not state["ignore_ssl_errors"])
                      ~~~~~~~~~~~~~^^^^^^^^^^^^^^^^^^^^^^^^^^^^^^^^^^^^^^^^^^^^^^^^^^^^^^^^^
  File "/Users/lanie/Sites/Backend/Blog generator/app/services/seo_checker_service.py", line 107, in run_seo_audit
    page = fetch_url(url, verify_ssl=verify_ssl)
  File "/Users/lanie/Sites/Backend/Blog generator/app/services/seo_checker_service.py", line 182, in fetch_url
    raise ValueError(_ssl_error_message(exc)) from exc
ValueError: The website is serving a Cloudflare Origin Certificate directly. That certificate is meant for Cloudflare-to-origin traffic, not public browser/Python clients. In Cloudflare, make sure the DNS record is proxied, or install a public certificate such as Let's Encrypt on the origin server.
2026-04-30 10:29:37,430 INFO blog_generator content_generator.py:77 _generate_content_from_prompt() - Content generated successfully with 256 words on attempt 1/3
2026-04-30 10:29:37,795 ERROR blog_generator tool_controller.py:27 seo_checker() - seo_checker action failed
Traceback (most recent call last):
  File "/opt/homebrew/Cellar/python@3.14/3.14.3_1/Frameworks/Python.framework/Versions/3.14/lib/python3.14/urllib/request.py", line 1321, in do_open
    h.request(req.get_method(), req.selector, req.data, headers,
    ~~~~~~~~~^^^^^^^^^^^^^^^^^^^^^^^^^^^^^^^^^^^^^^^^^^^^^^^^^^^
              encode_chunked=req.has_header('Transfer-encoding'))
              ^^^^^^^^^^^^^^^^^^^^^^^^^^^^^^^^^^^^^^^^^^^^^^^^^^^
  File "/opt/homebrew/Cellar/python@3.14/3.14.3_1/Frameworks/Python.framework/Versions/3.14/lib/python3.14/http/client.py", line 1358, in request
    self._send_request(method, url, body, headers, encode_chunked)
    ~~~~~~~~~~~~~~~~~~^^^^^^^^^^^^^^^^^^^^^^^^^^^^^^^^^^^^^^^^^^^^
  File "/opt/homebrew/Cellar/python@3.14/3.14.3_1/Frameworks/Python.framework/Versions/3.14/lib/python3.14/http/client.py", line 1404, in _send_request
    self.endheaders(body, encode_chunked=encode_chunked)
    ~~~~~~~~~~~~~~~^^^^^^^^^^^^^^^^^^^^^^^^^^^^^^^^^^^^^
  File "/opt/homebrew/Cellar/python@3.14/3.14.3_1/Frameworks/Python.framework/Versions/3.14/lib/python3.14/http/client.py", line 1353, in endheaders
    self._send_output(message_body, encode_chunked=encode_chunked)
    ~~~~~~~~~~~~~~~~~^^^^^^^^^^^^^^^^^^^^^^^^^^^^^^^^^^^^^^^^^^^^^
  File "/opt/homebrew/Cellar/python@3.14/3.14.3_1/Frameworks/Python.framework/Versions/3.14/lib/python3.14/http/client.py", line 1113, in _send_output
    self.send(msg)
    ~~~~~~~~~^^^^^
  File "/opt/homebrew/Cellar/python@3.14/3.14.3_1/Frameworks/Python.framework/Versions/3.14/lib/python3.14/http/client.py", line 1057, in send
    self.connect()
    ~~~~~~~~~~~~^^
  File "/opt/homebrew/Cellar/python@3.14/3.14.3_1/Frameworks/Python.framework/Versions/3.14/lib/python3.14/http/client.py", line 1499, in connect
    self.sock = self._context.wrap_socket(self.sock,
                ~~~~~~~~~~~~~~~~~~~~~~~~~^^^^^^^^^^^
                                          server_hostname=server_hostname)
                                          ^^^^^^^^^^^^^^^^^^^^^^^^^^^^^^^^
  File "/Users/lanie/Sites/Backend/Blog generator/venv/lib/python3.14/site-packages/pip/_vendor/truststore/_api.py", line 130, in wrap_socket
    _verify_peercerts(ssl_sock, server_hostname=server_hostname)
    ~~~~~~~~~~~~~~~~~^^^^^^^^^^^^^^^^^^^^^^^^^^^^^^^^^^^^^^^^^^^
  File "/Users/lanie/Sites/Backend/Blog generator/venv/lib/python3.14/site-packages/pip/_vendor/truststore/_api.py", line 339, in _verify_peercerts
    _verify_peercerts_impl(
    ~~~~~~~~~~~~~~~~~~~~~~^
        sock_or_sslobj.context, cert_bytes, server_hostname=server_hostname
        ^^^^^^^^^^^^^^^^^^^^^^^^^^^^^^^^^^^^^^^^^^^^^^^^^^^^^^^^^^^^^^^^^^^
    )
    ^
  File "/Users/lanie/Sites/Backend/Blog generator/venv/lib/python3.14/site-packages/pip/_vendor/truststore/_macos.py", line 459, in _verify_peercerts_impl
    _verify_peercerts_impl_macos_10_14(ssl_context, trust)
    ~~~~~~~~~~~~~~~~~~~~~~~~~~~~~~~~~~^^^^^^^^^^^^^^^^^^^^
  File "/Users/lanie/Sites/Backend/Blog generator/venv/lib/python3.14/site-packages/pip/_vendor/truststore/_macos.py", line 568, in _verify_peercerts_impl_macos_10_14
    raise err
ssl.SSLCertVerificationError: ('“CloudFlare Origin Certificate” certificate is not standards compliant',)

During handling of the above exception, another exception occurred:

Traceback (most recent call last):
  File "/Users/lanie/Sites/Backend/Blog generator/app/services/seo_checker_service.py", line 151, in fetch_url
    with urlopen(request, timeout=FETCH_TIMEOUT, context=ssl_context) as response:
         ~~~~~~~^^^^^^^^^^^^^^^^^^^^^^^^^^^^^^^^^^^^^^^^^^^^^^^^^^^^^
  File "/opt/homebrew/Cellar/python@3.14/3.14.3_1/Frameworks/Python.framework/Versions/3.14/lib/python3.14/urllib/request.py", line 187, in urlopen
    return opener.open(url, data, timeout)
           ~~~~~~~~~~~^^^^^^^^^^^^^^^^^^^^
  File "/opt/homebrew/Cellar/python@3.14/3.14.3_1/Frameworks/Python.framework/Versions/3.14/lib/python3.14/urllib/request.py", line 493, in open
    response = meth(req, response)
  File "/opt/homebrew/Cellar/python@3.14/3.14.3_1/Frameworks/Python.framework/Versions/3.14/lib/python3.14/urllib/request.py", line 602, in http_response
    response = self.parent.error(
        'http', request, response, code, msg, hdrs)
  File "/opt/homebrew/Cellar/python@3.14/3.14.3_1/Frameworks/Python.framework/Versions/3.14/lib/python3.14/urllib/request.py", line 525, in error
    result = self._call_chain(*args)
  File "/opt/homebrew/Cellar/python@3.14/3.14.3_1/Frameworks/Python.framework/Versions/3.14/lib/python3.14/urllib/request.py", line 464, in _call_chain
    result = func(*args)
  File "/opt/homebrew/Cellar/python@3.14/3.14.3_1/Frameworks/Python.framework/Versions/3.14/lib/python3.14/urllib/request.py", line 718, in http_error_302
    return self.parent.open(new, timeout=req.timeout)
           ~~~~~~~~~~~~~~~~^^^^^^^^^^^^^^^^^^^^^^^^^^
  File "/opt/homebrew/Cellar/python@3.14/3.14.3_1/Frameworks/Python.framework/Versions/3.14/lib/python3.14/urllib/request.py", line 487, in open
    response = self._open(req, data)
  File "/opt/homebrew/Cellar/python@3.14/3.14.3_1/Frameworks/Python.framework/Versions/3.14/lib/python3.14/urllib/request.py", line 504, in _open
    result = self._call_chain(self.handle_open, protocol, protocol +
                              '_open', req)
  File "/opt/homebrew/Cellar/python@3.14/3.14.3_1/Frameworks/Python.framework/Versions/3.14/lib/python3.14/urllib/request.py", line 464, in _call_chain
    result = func(*args)
  File "/opt/homebrew/Cellar/python@3.14/3.14.3_1/Frameworks/Python.framework/Versions/3.14/lib/python3.14/urllib/request.py", line 1369, in https_open
    return self.do_open(http.client.HTTPSConnection, req,
           ~~~~~~~~~~~~^^^^^^^^^^^^^^^^^^^^^^^^^^^^^^^^^^
                        context=self._context)
                        ^^^^^^^^^^^^^^^^^^^^^^
  File "/opt/homebrew/Cellar/python@3.14/3.14.3_1/Frameworks/Python.framework/Versions/3.14/lib/python3.14/urllib/request.py", line 1324, in do_open
    raise URLError(err)
urllib.error.URLError: <urlopen error ('“CloudFlare Origin Certificate” certificate is not standards compliant',)>

The above exception was the direct cause of the following exception:

Traceback (most recent call last):
  File "/Users/lanie/Sites/Backend/Blog generator/app/controllers/tool_controller.py", line 25, in seo_checker
    state["result"] = run_seo_audit(state["url"], verify_ssl=not state["ignore_ssl_errors"])
                      ~~~~~~~~~~~~~^^^^^^^^^^^^^^^^^^^^^^^^^^^^^^^^^^^^^^^^^^^^^^^^^^^^^^^^^
  File "/Users/lanie/Sites/Backend/Blog generator/app/services/seo_checker_service.py", line 107, in run_seo_audit
    page = fetch_url(url, verify_ssl=verify_ssl)
  File "/Users/lanie/Sites/Backend/Blog generator/app/services/seo_checker_service.py", line 182, in fetch_url
    raise ValueError(_ssl_error_message(exc)) from exc
ValueError: The website is serving a Cloudflare Origin Certificate directly. That certificate is meant for Cloudflare-to-origin traffic, not public browser/Python clients. In Cloudflare, make sure the DNS record is proxied, or install a public certificate such as Let's Encrypt on the origin server.
2026-04-30 10:29:39,263 ERROR blog_generator tool_controller.py:27 seo_checker() - seo_checker action failed
Traceback (most recent call last):
  File "/opt/homebrew/Cellar/python@3.14/3.14.3_1/Frameworks/Python.framework/Versions/3.14/lib/python3.14/urllib/request.py", line 1321, in do_open
    h.request(req.get_method(), req.selector, req.data, headers,
    ~~~~~~~~~^^^^^^^^^^^^^^^^^^^^^^^^^^^^^^^^^^^^^^^^^^^^^^^^^^^
              encode_chunked=req.has_header('Transfer-encoding'))
              ^^^^^^^^^^^^^^^^^^^^^^^^^^^^^^^^^^^^^^^^^^^^^^^^^^^
  File "/opt/homebrew/Cellar/python@3.14/3.14.3_1/Frameworks/Python.framework/Versions/3.14/lib/python3.14/http/client.py", line 1358, in request
    self._send_request(method, url, body, headers, encode_chunked)
    ~~~~~~~~~~~~~~~~~~^^^^^^^^^^^^^^^^^^^^^^^^^^^^^^^^^^^^^^^^^^^^
  File "/opt/homebrew/Cellar/python@3.14/3.14.3_1/Frameworks/Python.framework/Versions/3.14/lib/python3.14/http/client.py", line 1404, in _send_request
    self.endheaders(body, encode_chunked=encode_chunked)
    ~~~~~~~~~~~~~~~^^^^^^^^^^^^^^^^^^^^^^^^^^^^^^^^^^^^^
  File "/opt/homebrew/Cellar/python@3.14/3.14.3_1/Frameworks/Python.framework/Versions/3.14/lib/python3.14/http/client.py", line 1353, in endheaders
    self._send_output(message_body, encode_chunked=encode_chunked)
    ~~~~~~~~~~~~~~~~~^^^^^^^^^^^^^^^^^^^^^^^^^^^^^^^^^^^^^^^^^^^^^
  File "/opt/homebrew/Cellar/python@3.14/3.14.3_1/Frameworks/Python.framework/Versions/3.14/lib/python3.14/http/client.py", line 1113, in _send_output
    self.send(msg)
    ~~~~~~~~~^^^^^
  File "/opt/homebrew/Cellar/python@3.14/3.14.3_1/Frameworks/Python.framework/Versions/3.14/lib/python3.14/http/client.py", line 1057, in send
    self.connect()
    ~~~~~~~~~~~~^^
  File "/opt/homebrew/Cellar/python@3.14/3.14.3_1/Frameworks/Python.framework/Versions/3.14/lib/python3.14/http/client.py", line 1499, in connect
    self.sock = self._context.wrap_socket(self.sock,
                ~~~~~~~~~~~~~~~~~~~~~~~~~^^^^^^^^^^^
                                          server_hostname=server_hostname)
                                          ^^^^^^^^^^^^^^^^^^^^^^^^^^^^^^^^
  File "/Users/lanie/Sites/Backend/Blog generator/venv/lib/python3.14/site-packages/pip/_vendor/truststore/_api.py", line 130, in wrap_socket
    _verify_peercerts(ssl_sock, server_hostname=server_hostname)
    ~~~~~~~~~~~~~~~~~^^^^^^^^^^^^^^^^^^^^^^^^^^^^^^^^^^^^^^^^^^^
  File "/Users/lanie/Sites/Backend/Blog generator/venv/lib/python3.14/site-packages/pip/_vendor/truststore/_api.py", line 339, in _verify_peercerts
    _verify_peercerts_impl(
    ~~~~~~~~~~~~~~~~~~~~~~^
        sock_or_sslobj.context, cert_bytes, server_hostname=server_hostname
        ^^^^^^^^^^^^^^^^^^^^^^^^^^^^^^^^^^^^^^^^^^^^^^^^^^^^^^^^^^^^^^^^^^^
    )
    ^
  File "/Users/lanie/Sites/Backend/Blog generator/venv/lib/python3.14/site-packages/pip/_vendor/truststore/_macos.py", line 459, in _verify_peercerts_impl
    _verify_peercerts_impl_macos_10_14(ssl_context, trust)
    ~~~~~~~~~~~~~~~~~~~~~~~~~~~~~~~~~~^^^^^^^^^^^^^^^^^^^^
  File "/Users/lanie/Sites/Backend/Blog generator/venv/lib/python3.14/site-packages/pip/_vendor/truststore/_macos.py", line 568, in _verify_peercerts_impl_macos_10_14
    raise err
ssl.SSLCertVerificationError: ('“CloudFlare Origin Certificate” certificate is not standards compliant',)

During handling of the above exception, another exception occurred:

Traceback (most recent call last):
  File "/Users/lanie/Sites/Backend/Blog generator/app/services/seo_checker_service.py", line 151, in fetch_url
    with urlopen(request, timeout=FETCH_TIMEOUT, context=ssl_context) as response:
         ~~~~~~~^^^^^^^^^^^^^^^^^^^^^^^^^^^^^^^^^^^^^^^^^^^^^^^^^^^^^
  File "/opt/homebrew/Cellar/python@3.14/3.14.3_1/Frameworks/Python.framework/Versions/3.14/lib/python3.14/urllib/request.py", line 187, in urlopen
    return opener.open(url, data, timeout)
           ~~~~~~~~~~~^^^^^^^^^^^^^^^^^^^^
  File "/opt/homebrew/Cellar/python@3.14/3.14.3_1/Frameworks/Python.framework/Versions/3.14/lib/python3.14/urllib/request.py", line 493, in open
    response = meth(req, response)
  File "/opt/homebrew/Cellar/python@3.14/3.14.3_1/Frameworks/Python.framework/Versions/3.14/lib/python3.14/urllib/request.py", line 602, in http_response
    response = self.parent.error(
        'http', request, response, code, msg, hdrs)
  File "/opt/homebrew/Cellar/python@3.14/3.14.3_1/Frameworks/Python.framework/Versions/3.14/lib/python3.14/urllib/request.py", line 525, in error
    result = self._call_chain(*args)
  File "/opt/homebrew/Cellar/python@3.14/3.14.3_1/Frameworks/Python.framework/Versions/3.14/lib/python3.14/urllib/request.py", line 464, in _call_chain
    result = func(*args)
  File "/opt/homebrew/Cellar/python@3.14/3.14.3_1/Frameworks/Python.framework/Versions/3.14/lib/python3.14/urllib/request.py", line 718, in http_error_302
    return self.parent.open(new, timeout=req.timeout)
           ~~~~~~~~~~~~~~~~^^^^^^^^^^^^^^^^^^^^^^^^^^
  File "/opt/homebrew/Cellar/python@3.14/3.14.3_1/Frameworks/Python.framework/Versions/3.14/lib/python3.14/urllib/request.py", line 487, in open
    response = self._open(req, data)
  File "/opt/homebrew/Cellar/python@3.14/3.14.3_1/Frameworks/Python.framework/Versions/3.14/lib/python3.14/urllib/request.py", line 504, in _open
    result = self._call_chain(self.handle_open, protocol, protocol +
                              '_open', req)
  File "/opt/homebrew/Cellar/python@3.14/3.14.3_1/Frameworks/Python.framework/Versions/3.14/lib/python3.14/urllib/request.py", line 464, in _call_chain
    result = func(*args)
  File "/opt/homebrew/Cellar/python@3.14/3.14.3_1/Frameworks/Python.framework/Versions/3.14/lib/python3.14/urllib/request.py", line 1369, in https_open
    return self.do_open(http.client.HTTPSConnection, req,
           ~~~~~~~~~~~~^^^^^^^^^^^^^^^^^^^^^^^^^^^^^^^^^^
                        context=self._context)
                        ^^^^^^^^^^^^^^^^^^^^^^
  File "/opt/homebrew/Cellar/python@3.14/3.14.3_1/Frameworks/Python.framework/Versions/3.14/lib/python3.14/urllib/request.py", line 1324, in do_open
    raise URLError(err)
urllib.error.URLError: <urlopen error ('“CloudFlare Origin Certificate” certificate is not standards compliant',)>

The above exception was the direct cause of the following exception:

Traceback (most recent call last):
  File "/Users/lanie/Sites/Backend/Blog generator/app/controllers/tool_controller.py", line 25, in seo_checker
    state["result"] = run_seo_audit(state["url"], verify_ssl=not state["ignore_ssl_errors"])
                      ~~~~~~~~~~~~~^^^^^^^^^^^^^^^^^^^^^^^^^^^^^^^^^^^^^^^^^^^^^^^^^^^^^^^^^
  File "/Users/lanie/Sites/Backend/Blog generator/app/services/seo_checker_service.py", line 107, in run_seo_audit
    page = fetch_url(url, verify_ssl=verify_ssl)
  File "/Users/lanie/Sites/Backend/Blog generator/app/services/seo_checker_service.py", line 182, in fetch_url
    raise ValueError(_ssl_error_message(exc)) from exc
ValueError: The website is serving a Cloudflare Origin Certificate directly. That certificate is meant for Cloudflare-to-origin traffic, not public browser/Python clients. In Cloudflare, make sure the DNS record is proxied, or install a public certificate such as Let's Encrypt on the origin server.
2026-04-30 10:29:42,646 ERROR blog_generator backlink_blog_controller.py:206 _handle_generate_content() - backlink generate_content action failed
Traceback (most recent call last):
  File "/Users/lanie/Sites/Backend/Blog generator/app/controllers/backlink_blog_controller.py", line 198, in _handle_generate_content
    record_blog(
    ~~~~~~~~~~~^
        brand=state["brand"],
        ^^^^^^^^^^^^^^^^^^^^^
    ...<2 lines>...
        supporting_keyword=state["supporting_keyword"],
        ^^^^^^^^^^^^^^^^^^^^^^^^^^^^^^^^^^^^^^^^^^^^^^^
    )
    ^
  File "/Users/lanie/Sites/Backend/Blog generator/database/pages.py", line 103, in record_blog
    keyword_record = get_or_create_keyword(keyword_value)
  File "/Users/lanie/Sites/Backend/Blog generator/database/keywords.py", line 20, in get_or_create_keyword
    cursor = connection.execute(
        "INSERT INTO keywords (keyword, normalized_keyword) VALUES (?, ?)",
        (keyword_value, normalized),
    )
sqlite3.OperationalError: database is locked
2026-04-30 11:42:21,238 INFO blog_generator content_generator.py:77 _generate_content_from_prompt() - Content generated successfully with 314 words on attempt 1/3
2026-04-30 11:42:26,472 ERROR blog_generator backlink_blog_controller.py:206 _handle_generate_content() - backlink generate_content action failed
Traceback (most recent call last):
  File "/Users/lanie/Sites/Backend/Blog generator/app/controllers/backlink_blog_controller.py", line 198, in _handle_generate_content
    record_blog(
    ~~~~~~~~~~~^
        brand=state["brand"],
        ^^^^^^^^^^^^^^^^^^^^^
    ...<2 lines>...
        supporting_keyword=state["supporting_keyword"],
        ^^^^^^^^^^^^^^^^^^^^^^^^^^^^^^^^^^^^^^^^^^^^^^^
    )
    ^
  File "/Users/lanie/Sites/Backend/Blog generator/database/pages.py", line 103, in record_blog
    keyword_record = get_or_create_keyword(keyword_value)
  File "/Users/lanie/Sites/Backend/Blog generator/database/keywords.py", line 20, in get_or_create_keyword
    cursor = connection.execute(
        "INSERT INTO keywords (keyword, normalized_keyword) VALUES (?, ?)",
        (keyword_value, normalized),
    )
sqlite3.OperationalError: database is locked
2026-04-30 11:46:45,355 WARNING blog_generator content_generator.py:67 _generate_content_from_prompt() - Content word count is 596 (minimum: 800) on attempt 1/3. Raw response length: 4335 chars
2026-04-30 11:47:57,058 WARNING blog_generator content_generator.py:67 _generate_content_from_prompt() - Content word count is 687 (minimum: 800) on attempt 2/3. Raw response length: 5013 chars
2026-04-30 11:49:31,339 INFO blog_generator content_generator.py:77 _generate_content_from_prompt() - Content generated successfully with 806 words on attempt 3/3
2026-04-30 11:49:36,551 ERROR blog_generator backlink_blog_controller.py:206 _handle_generate_content() - backlink generate_content action failed
Traceback (most recent call last):
  File "/Users/lanie/Sites/Backend/Blog generator/app/controllers/backlink_blog_controller.py", line 198, in _handle_generate_content
    record_blog(
    ~~~~~~~~~~~^
        brand=state["brand"],
        ^^^^^^^^^^^^^^^^^^^^^
    ...<2 lines>...
        supporting_keyword=state["supporting_keyword"],
        ^^^^^^^^^^^^^^^^^^^^^^^^^^^^^^^^^^^^^^^^^^^^^^^
    )
    ^
  File "/Users/lanie/Sites/Backend/Blog generator/database/pages.py", line 103, in record_blog
    keyword_record = get_or_create_keyword(keyword_value)
  File "/Users/lanie/Sites/Backend/Blog generator/database/keywords.py", line 20, in get_or_create_keyword
    cursor = connection.execute(
        "INSERT INTO keywords (keyword, normalized_keyword) VALUES (?, ?)",
        (keyword_value, normalized),
    )
sqlite3.OperationalError: database is locked
2026-04-30 11:52:57,983 WARNING blog_generator content_generator.py:67 _generate_content_from_prompt() - Content word count is 665 (minimum: 800) on attempt 1/3. Raw response length: 5043 chars
2026-04-30 11:54:30,565 INFO blog_generator content_generator.py:77 _generate_content_from_prompt() - Content generated successfully with 857 words on attempt 2/3
2026-04-30 11:54:35,769 ERROR blog_generator backlink_blog_controller.py:206 _handle_generate_content() - backlink generate_content action failed
Traceback (most recent call last):
  File "/Users/lanie/Sites/Backend/Blog generator/app/controllers/backlink_blog_controller.py", line 198, in _handle_generate_content
    record_blog(
    ~~~~~~~~~~~^
        brand=state["brand"],
        ^^^^^^^^^^^^^^^^^^^^^
    ...<2 lines>...
        supporting_keyword=state["supporting_keyword"],
        ^^^^^^^^^^^^^^^^^^^^^^^^^^^^^^^^^^^^^^^^^^^^^^^
    )
    ^
  File "/Users/lanie/Sites/Backend/Blog generator/database/pages.py", line 103, in record_blog
    keyword_record = get_or_create_keyword(keyword_value)
  File "/Users/lanie/Sites/Backend/Blog generator/database/keywords.py", line 20, in get_or_create_keyword
    cursor = connection.execute(
        "INSERT INTO keywords (keyword, normalized_keyword) VALUES (?, ?)",
        (keyword_value, normalized),
    )
sqlite3.OperationalError: database is locked
2026-04-30 11:58:15,317 INFO blog_generator content_generator.py:77 _generate_content_from_prompt() - Content generated successfully with 233 words on attempt 1/3
2026-04-30 11:58:20,536 ERROR blog_generator backlink_blog_controller.py:206 _handle_generate_content() - backlink generate_content action failed
Traceback (most recent call last):
  File "/Users/lanie/Sites/Backend/Blog generator/app/controllers/backlink_blog_controller.py", line 198, in _handle_generate_content
    record_blog(
    ~~~~~~~~~~~^
        brand=state["brand"],
        ^^^^^^^^^^^^^^^^^^^^^
    ...<2 lines>...
        supporting_keyword=state["supporting_keyword"],
        ^^^^^^^^^^^^^^^^^^^^^^^^^^^^^^^^^^^^^^^^^^^^^^^
    )
    ^
  File "/Users/lanie/Sites/Backend/Blog generator/database/pages.py", line 103, in record_blog
    keyword_record = get_or_create_keyword(keyword_value)
  File "/Users/lanie/Sites/Backend/Blog generator/database/keywords.py", line 20, in get_or_create_keyword
    cursor = connection.execute(
        "INSERT INTO keywords (keyword, normalized_keyword) VALUES (?, ?)",
        (keyword_value, normalized),
    )
sqlite3.OperationalError: database is locked
2026-04-30 12:06:03,244 INFO blog_generator content_generator.py:77 _generate_content_from_prompt() - Content generated successfully with 238 words on attempt 1/3
2026-04-30 12:06:08,472 ERROR blog_generator backlink_blog_controller.py:206 _handle_generate_content() - backlink generate_content action failed
Traceback (most recent call last):
  File "/Users/lanie/Sites/Backend/Blog generator/app/controllers/backlink_blog_controller.py", line 198, in _handle_generate_content
    record_blog(
    ~~~~~~~~~~~^
        brand=state["brand"],
        ^^^^^^^^^^^^^^^^^^^^^
    ...<2 lines>...
        supporting_keyword=state["supporting_keyword"],
        ^^^^^^^^^^^^^^^^^^^^^^^^^^^^^^^^^^^^^^^^^^^^^^^
    )
    ^
  File "/Users/lanie/Sites/Backend/Blog generator/database/pages.py", line 103, in record_blog
    keyword_record = get_or_create_keyword(keyword_value)
  File "/Users/lanie/Sites/Backend/Blog generator/database/keywords.py", line 20, in get_or_create_keyword
    cursor = connection.execute(
        "INSERT INTO keywords (keyword, normalized_keyword) VALUES (?, ?)",
        (keyword_value, normalized),
    )
sqlite3.OperationalError: database is locked
2026-04-30 14:17:59,834 WARNING blog_generator content_generator.py:67 _generate_content_from_prompt() - Content word count is 464 (minimum: 800) on attempt 1/3. Raw response length: 3399 chars
2026-04-30 14:19:24,717 WARNING blog_generator content_generator.py:58 _generate_content_from_prompt() - Content used banned terms instant on attempt 2/3
2026-04-30 14:22:58,890 WARNING blog_generator content_generator.py:67 _generate_content_from_prompt() - Content word count is 672 (minimum: 800) on attempt 3/3. Raw response length: 5173 chars
2026-04-30 14:23:04,159 ERROR blog_generator backlink_blog_controller.py:206 _handle_generate_content() - backlink generate_content action failed
Traceback (most recent call last):
  File "/Users/lanie/Sites/Backend/Blog generator/app/controllers/backlink_blog_controller.py", line 198, in _handle_generate_content
    record_blog(
    ~~~~~~~~~~~^
        brand=state["brand"],
        ^^^^^^^^^^^^^^^^^^^^^
    ...<2 lines>...
        supporting_keyword=state["supporting_keyword"],
        ^^^^^^^^^^^^^^^^^^^^^^^^^^^^^^^^^^^^^^^^^^^^^^^
    )
    ^
  File "/Users/lanie/Sites/Backend/Blog generator/database/pages.py", line 103, in record_blog
    keyword_record = get_or_create_keyword(keyword_value)
  File "/Users/lanie/Sites/Backend/Blog generator/database/keywords.py", line 20, in get_or_create_keyword
    cursor = connection.execute(
        "INSERT INTO keywords (keyword, normalized_keyword) VALUES (?, ?)",
        (keyword_value, normalized),
    )
sqlite3.OperationalError: database is locked
2026-04-30 14:24:36,677 WARNING blog_generator content_generator.py:67 _generate_content_from_prompt() - Content word count is 375 (minimum: 800) on attempt 1/3. Raw response length: 2693 chars
2026-04-30 14:27:40,187 WARNING blog_generator content_generator.py:67 _generate_content_from_prompt() - Content word count is 588 (minimum: 800) on attempt 2/3. Raw response length: 4338 chars
2026-04-30 14:28:47,044 INFO blog_generator content_generator.py:77 _generate_content_from_prompt() - Content generated successfully with 848 words on attempt 1/3
2026-04-30 14:28:52,306 ERROR blog_generator backlink_blog_controller.py:206 _handle_generate_content() - backlink generate_content action failed
Traceback (most recent call last):
  File "/Users/lanie/Sites/Backend/Blog generator/app/controllers/backlink_blog_controller.py", line 198, in _handle_generate_content
    record_blog(
    ~~~~~~~~~~~^
        brand=state["brand"],
        ^^^^^^^^^^^^^^^^^^^^^
    ...<2 lines>...
        supporting_keyword=state["supporting_keyword"],
        ^^^^^^^^^^^^^^^^^^^^^^^^^^^^^^^^^^^^^^^^^^^^^^^
    )
    ^
  File "/Users/lanie/Sites/Backend/Blog generator/database/pages.py", line 103, in record_blog
    keyword_record = get_or_create_keyword(keyword_value)
  File "/Users/lanie/Sites/Backend/Blog generator/database/keywords.py", line 20, in get_or_create_keyword
    cursor = connection.execute(
        "INSERT INTO keywords (keyword, normalized_keyword) VALUES (?, ?)",
        (keyword_value, normalized),
    )
sqlite3.OperationalError: database is locked
2026-04-30 14:29:55,464 WARNING blog_generator content_generator.py:67 _generate_content_from_prompt() - Content word count is 552 (minimum: 800) on attempt 3/3. Raw response length: 4165 chars
2026-04-30 14:30:00,736 ERROR blog_generator backlink_blog_controller.py:206 _handle_generate_content() - backlink generate_content action failed
Traceback (most recent call last):
  File "/Users/lanie/Sites/Backend/Blog generator/app/controllers/backlink_blog_controller.py", line 198, in _handle_generate_content
    record_blog(
    ~~~~~~~~~~~^
        brand=state["brand"],
        ^^^^^^^^^^^^^^^^^^^^^
    ...<2 lines>...
        supporting_keyword=state["supporting_keyword"],
        ^^^^^^^^^^^^^^^^^^^^^^^^^^^^^^^^^^^^^^^^^^^^^^^
    )
    ^
  File "/Users/lanie/Sites/Backend/Blog generator/database/pages.py", line 103, in record_blog
    keyword_record = get_or_create_keyword(keyword_value)
  File "/Users/lanie/Sites/Backend/Blog generator/database/keywords.py", line 20, in get_or_create_keyword
    cursor = connection.execute(
        "INSERT INTO keywords (keyword, normalized_keyword) VALUES (?, ?)",
        (keyword_value, normalized),
    )
sqlite3.OperationalError: database is locked
2026-04-30 14:46:00,317 WARNING blog_generator content_generator.py:67 _generate_content_from_prompt() - Content word count is 624 (minimum: 800) on attempt 1/3. Raw response length: 4189 chars
2026-04-30 14:47:16,023 WARNING blog_generator content_generator.py:67 _generate_content_from_prompt() - Content word count is 588 (minimum: 800) on attempt 2/3. Raw response length: 4134 chars
2026-04-30 14:49:05,255 WARNING blog_generator content_generator.py:58 _generate_content_from_prompt() - Content used banned terms instant, glitch on attempt 3/3
2026-04-30 14:49:10,521 ERROR blog_generator backlink_blog_controller.py:206 _handle_generate_content() - backlink generate_content action failed
Traceback (most recent call last):
  File "/Users/lanie/Sites/Backend/Blog generator/app/controllers/backlink_blog_controller.py", line 198, in _handle_generate_content
    record_blog(
    ~~~~~~~~~~~^
        brand=state["brand"],
        ^^^^^^^^^^^^^^^^^^^^^
    ...<2 lines>...
        supporting_keyword=state["supporting_keyword"],
        ^^^^^^^^^^^^^^^^^^^^^^^^^^^^^^^^^^^^^^^^^^^^^^^
    )
    ^
  File "/Users/lanie/Sites/Backend/Blog generator/database/pages.py", line 103, in record_blog
    keyword_record = get_or_create_keyword(keyword_value)
  File "/Users/lanie/Sites/Backend/Blog generator/database/keywords.py", line 20, in get_or_create_keyword
    cursor = connection.execute(
        "INSERT INTO keywords (keyword, normalized_keyword) VALUES (?, ?)",
        (keyword_value, normalized),
    )
sqlite3.OperationalError: database is locked
2026-04-30 14:50:51,639 WARNING blog_generator meta_description_generator.py:32 _generate_meta_descriptions_from_prompt() - Generated meta descriptions used banned terms instant on attempt 1/3
2026-04-30 14:51:15,643 WARNING blog_generator meta_description_generator.py:32 _generate_meta_descriptions_from_prompt() - Generated meta descriptions used banned terms instant on attempt 2/3
2026-04-30 14:53:33,553 WARNING blog_generator content_generator.py:67 _generate_content_from_prompt() - Content word count is 672 (minimum: 800) on attempt 1/3. Raw response length: 4692 chars
2026-04-30 14:55:28,740 WARNING blog_generator content_generator.py:67 _generate_content_from_prompt() - Content word count is 752 (minimum: 800) on attempt 2/3. Raw response length: 5279 chars
2026-04-30 14:56:50,850 WARNING blog_generator content_generator.py:67 _generate_content_from_prompt() - Content word count is 653 (minimum: 800) on attempt 3/3. Raw response length: 4659 chars
2026-04-30 14:56:56,132 ERROR blog_generator backlink_blog_controller.py:206 _handle_generate_content() - backlink generate_content action failed
Traceback (most recent call last):
  File "/Users/lanie/Sites/Backend/Blog generator/app/controllers/backlink_blog_controller.py", line 198, in _handle_generate_content
    record_blog(
    ~~~~~~~~~~~^
        brand=state["brand"],
        ^^^^^^^^^^^^^^^^^^^^^
    ...<2 lines>...
        supporting_keyword=state["supporting_keyword"],
        ^^^^^^^^^^^^^^^^^^^^^^^^^^^^^^^^^^^^^^^^^^^^^^^
    )
    ^
  File "/Users/lanie/Sites/Backend/Blog generator/database/pages.py", line 103, in record_blog
    keyword_record = get_or_create_keyword(keyword_value)
  File "/Users/lanie/Sites/Backend/Blog generator/database/keywords.py", line 20, in get_or_create_keyword
    cursor = connection.execute(
        "INSERT INTO keywords (keyword, normalized_keyword) VALUES (?, ?)",
        (keyword_value, normalized),
    )
sqlite3.OperationalError: database is locked
2026-04-30 15:05:32,782 WARNING blog_generator content_generator.py:58 _generate_content_from_prompt() - Content used banned terms instant, glitch on attempt 1/3
2026-04-30 15:06:53,284 WARNING blog_generator content_generator.py:58 _generate_content_from_prompt() - Content used banned terms glitch on attempt 2/3
2026-04-30 15:08:17,024 WARNING blog_generator content_generator.py:58 _generate_content_from_prompt() - Content used banned terms instant on attempt 3/3
2026-04-30 15:08:22,301 ERROR blog_generator backlink_blog_controller.py:206 _handle_generate_content() - backlink generate_content action failed
Traceback (most recent call last):
  File "/Users/lanie/Sites/Backend/Blog generator/app/controllers/backlink_blog_controller.py", line 198, in _handle_generate_content
    record_blog(
    ~~~~~~~~~~~^
        brand=state["brand"],
        ^^^^^^^^^^^^^^^^^^^^^
    ...<2 lines>...
        supporting_keyword=state["supporting_keyword"],
        ^^^^^^^^^^^^^^^^^^^^^^^^^^^^^^^^^^^^^^^^^^^^^^^
    )
    ^
  File "/Users/lanie/Sites/Backend/Blog generator/database/pages.py", line 103, in record_blog
    keyword_record = get_or_create_keyword(keyword_value)
  File "/Users/lanie/Sites/Backend/Blog generator/database/keywords.py", line 20, in get_or_create_keyword
    cursor = connection.execute(
        "INSERT INTO keywords (keyword, normalized_keyword) VALUES (?, ?)",
        (keyword_value, normalized),
    )
sqlite3.OperationalError: database is locked
2026-04-30 15:22:59,594 WARNING blog_generator content_generator.py:67 _generate_content_from_prompt() - Content word count is 416 (minimum: 800) on attempt 1/3. Raw response length: 2886 chars
2026-04-30 15:24:45,249 INFO blog_generator content_generator.py:77 _generate_content_from_prompt() - Content generated successfully with 1013 words on attempt 2/3
2026-04-30 15:24:50,522 ERROR blog_generator backlink_blog_controller.py:206 _handle_generate_content() - backlink generate_content action failed
Traceback (most recent call last):
  File "/Users/lanie/Sites/Backend/Blog generator/app/controllers/backlink_blog_controller.py", line 198, in _handle_generate_content
    record_blog(
    ~~~~~~~~~~~^
        brand=state["brand"],
        ^^^^^^^^^^^^^^^^^^^^^
    ...<2 lines>...
        supporting_keyword=state["supporting_keyword"],
        ^^^^^^^^^^^^^^^^^^^^^^^^^^^^^^^^^^^^^^^^^^^^^^^
    )
    ^
  File "/Users/lanie/Sites/Backend/Blog generator/database/pages.py", line 103, in record_blog
    keyword_record = get_or_create_keyword(keyword_value)
  File "/Users/lanie/Sites/Backend/Blog generator/database/keywords.py", line 20, in get_or_create_keyword
    cursor = connection.execute(
        "INSERT INTO keywords (keyword, normalized_keyword) VALUES (?, ?)",
        (keyword_value, normalized),
    )
sqlite3.OperationalError: database is locked
2026-04-30 16:39:49,553 WARNING blog_generator content_generator.py:165 _generate_content_from_prompt() - Content word count is 617 (minimum: 800) on attempt 1/3. Raw response length: 4693 chars
2026-04-30 16:42:54,372 INFO blog_generator content_generator.py:187 _generate_content_from_prompt() - Content generated successfully with 963 words on attempt 2/3
2026-04-30 16:42:59,582 ERROR blog_generator backlink_blog_controller.py:215 _handle_generate_content() - backlink generate_content action failed
Traceback (most recent call last):
  File "/Users/lanie/Sites/Backend/Blog generator/app/controllers/backlink_blog_controller.py", line 207, in _handle_generate_content
    record_blog(
    ~~~~~~~~~~~^
        brand=state["brand"],
        ^^^^^^^^^^^^^^^^^^^^^
    ...<2 lines>...
        supporting_keyword=state["supporting_keyword"],
        ^^^^^^^^^^^^^^^^^^^^^^^^^^^^^^^^^^^^^^^^^^^^^^^
    )
    ^
  File "/Users/lanie/Sites/Backend/Blog generator/database/pages.py", line 103, in record_blog
    keyword_record = get_or_create_keyword(keyword_value)
  File "/Users/lanie/Sites/Backend/Blog generator/database/keywords.py", line 20, in get_or_create_keyword
    cursor = connection.execute(
        "INSERT INTO keywords (keyword, normalized_keyword) VALUES (?, ?)",
        (keyword_value, normalized),
    )
sqlite3.OperationalError: database is locked
2026-04-30 16:44:40,327 WARNING blog_generator content_generator.py:165 _generate_content_from_prompt() - Content word count is 578 (minimum: 800) on attempt 1/3. Raw response length: 4266 chars
2026-04-30 16:46:34,804 WARNING blog_generator content_generator.py:156 _generate_content_from_prompt() - Content used banned terms glitch on attempt 2/3
2026-04-30 16:47:43,612 WARNING blog_generator content_generator.py:165 _generate_content_from_prompt() - Content word count is 761 (minimum: 800) on attempt 3/3. Raw response length: 5618 chars
2026-04-30 16:47:43,613 ERROR blog_generator backlink_blog_controller.py:215 _handle_generate_content() - backlink generate_content action failed
Traceback (most recent call last):
  File "/Users/lanie/Sites/Backend/Blog generator/app/controllers/backlink_blog_controller.py", line 187, in _handle_generate_content
    state["content"] = generate_backlink_content(
                       ~~~~~~~~~~~~~~~~~~~~~~~~~^
        provider,
        ^^^^^^^^^
    ...<8 lines>...
        **backlink_context,
        ^^^^^^^^^^^^^^^^^^^
    )
    ^
  File "/Users/lanie/Sites/Backend/Blog generator/generators/content_generator.py", line 330, in generate_backlink_content
    content = _generate_content_from_prompt(
        provider,
    ...<2 lines>...
        validator=validator,
    )
  File "/Users/lanie/Sites/Backend/Blog generator/generators/content_generator.py", line 201, in _generate_content_from_prompt
    raise ValueError(
    ...<2 lines>...
    )
ValueError: Generated article could not satisfy the rules after 3 attempts. Last attempt was 761 words.
2026-04-30 16:52:38,956 WARNING blog_generator content_generator.py:165 _generate_content_from_prompt() - Content word count is 662 (minimum: 800) on attempt 1/3. Raw response length: 5149 chars
2026-04-30 16:56:23,615 WARNING blog_generator content_generator.py:165 _generate_content_from_prompt() - Content word count is 518 (minimum: 800) on attempt 1/3. Raw response length: 3831 chars
2026-04-30 16:57:18,459 WARNING blog_generator content_generator.py:165 _generate_content_from_prompt() - Content word count is 643 (minimum: 800) on attempt 2/3. Raw response length: 4953 chars
2026-04-30 16:58:03,413 WARNING blog_generator content_generator.py:165 _generate_content_from_prompt() - Content word count is 356 (minimum: 800) on attempt 1/3. Raw response length: 2792 chars
2026-04-30 17:00:40,062 WARNING blog_generator content_generator.py:165 _generate_content_from_prompt() - Content word count is 579 (minimum: 800) on attempt 2/3. Raw response length: 4348 chars
2026-04-30 17:01:33,508 WARNING blog_generator content_generator.py:165 _generate_content_from_prompt() - Content word count is 579 (minimum: 800) on attempt 3/3. Raw response length: 4705 chars
2026-04-30 17:01:33,510 ERROR blog_generator backlink_blog_controller.py:215 _handle_generate_content() - backlink generate_content action failed
Traceback (most recent call last):
  File "/Users/lanie/Sites/Backend/Blog generator/app/controllers/backlink_blog_controller.py", line 187, in _handle_generate_content
    state["content"] = generate_backlink_content(
                       ~~~~~~~~~~~~~~~~~~~~~~~~~^
        provider,
        ^^^^^^^^^
    ...<8 lines>...
        **backlink_context,
        ^^^^^^^^^^^^^^^^^^^
    )
    ^
  File "/Users/lanie/Sites/Backend/Blog generator/generators/content_generator.py", line 330, in generate_backlink_content
    content = _generate_content_from_prompt(
        provider,
    ...<2 lines>...
        validator=validator,
    )
  File "/Users/lanie/Sites/Backend/Blog generator/generators/content_generator.py", line 201, in _generate_content_from_prompt
    raise ValueError(
    ...<2 lines>...
    )
ValueError: Generated article could not satisfy the rules after 3 attempts. Last attempt was 579 words.
2026-04-30 17:02:27,399 WARNING blog_generator content_generator.py:165 _generate_content_from_prompt() - Content word count is 668 (minimum: 800) on attempt 2/3. Raw response length: 4787 chars
2026-04-30 17:04:37,603 INFO blog_generator content_generator.py:187 _generate_content_from_prompt() - Content generated successfully with 891 words on attempt 3/3
2026-04-30 17:04:42,832 ERROR blog_generator backlink_blog_controller.py:215 _handle_generate_content() - backlink generate_content action failed
Traceback (most recent call last):
  File "/Users/lanie/Sites/Backend/Blog generator/app/controllers/backlink_blog_controller.py", line 207, in _handle_generate_content
    record_blog(
    ~~~~~~~~~~~^
        brand=state["brand"],
        ^^^^^^^^^^^^^^^^^^^^^
    ...<2 lines>...
        supporting_keyword=state["supporting_keyword"],
        ^^^^^^^^^^^^^^^^^^^^^^^^^^^^^^^^^^^^^^^^^^^^^^^
    )
    ^
  File "/Users/lanie/Sites/Backend/Blog generator/database/pages.py", line 103, in record_blog
    keyword_record = get_or_create_keyword(keyword_value)
  File "/Users/lanie/Sites/Backend/Blog generator/database/keywords.py", line 20, in get_or_create_keyword
    cursor = connection.execute(
        "INSERT INTO keywords (keyword, normalized_keyword) VALUES (?, ?)",
        (keyword_value, normalized),
    )
sqlite3.OperationalError: database is locked
2026-04-30 17:06:06,100 WARNING blog_generator content_generator.py:165 _generate_content_from_prompt() - Content word count is 634 (minimum: 800) on attempt 3/3. Raw response length: 4633 chars
2026-04-30 17:06:06,101 ERROR blog_generator backlink_blog_controller.py:215 _handle_generate_content() - backlink generate_content action failed
Traceback (most recent call last):
  File "/Users/lanie/Sites/Backend/Blog generator/app/controllers/backlink_blog_controller.py", line 187, in _handle_generate_content
    state["content"] = generate_backlink_content(
                       ~~~~~~~~~~~~~~~~~~~~~~~~~^
        provider,
        ^^^^^^^^^
    ...<8 lines>...
        **backlink_context,
        ^^^^^^^^^^^^^^^^^^^
    )
    ^
  File "/Users/lanie/Sites/Backend/Blog generator/generators/content_generator.py", line 330, in generate_backlink_content
    content = _generate_content_from_prompt(
        provider,
    ...<2 lines>...
        validator=validator,
    )
  File "/Users/lanie/Sites/Backend/Blog generator/generators/content_generator.py", line 201, in _generate_content_from_prompt
    raise ValueError(
    ...<2 lines>...
    )
ValueError: Generated article could not satisfy the rules after 3 attempts. Last attempt was 634 words.
2026-04-30 17:07:40,996 WARNING blog_generator content_generator.py:165 _generate_content_from_prompt() - Content word count is 721 (minimum: 800) on attempt 1/3. Raw response length: 5766 chars
2026-04-30 17:09:11,745 INFO blog_generator content_generator.py:187 _generate_content_from_prompt() - Content generated successfully with 913 words on attempt 2/3
2026-04-30 17:09:16,985 ERROR blog_generator backlink_blog_controller.py:215 _handle_generate_content() - backlink generate_content action failed
Traceback (most recent call last):
  File "/Users/lanie/Sites/Backend/Blog generator/app/controllers/backlink_blog_controller.py", line 207, in _handle_generate_content
    record_blog(
    ~~~~~~~~~~~^
        brand=state["brand"],
        ^^^^^^^^^^^^^^^^^^^^^
    ...<2 lines>...
        supporting_keyword=state["supporting_keyword"],
        ^^^^^^^^^^^^^^^^^^^^^^^^^^^^^^^^^^^^^^^^^^^^^^^
    )
    ^
  File "/Users/lanie/Sites/Backend/Blog generator/database/pages.py", line 103, in record_blog
    keyword_record = get_or_create_keyword(keyword_value)
  File "/Users/lanie/Sites/Backend/Blog generator/database/keywords.py", line 20, in get_or_create_keyword
    cursor = connection.execute(
        "INSERT INTO keywords (keyword, normalized_keyword) VALUES (?, ?)",
        (keyword_value, normalized),
    )
sqlite3.OperationalError: database is locked
2026-04-30 17:11:49,931 INFO blog_generator content_generator.py:187 _generate_content_from_prompt() - Content generated successfully with 1004 words on attempt 1/3
2026-04-30 17:11:55,126 ERROR blog_generator backlink_blog_controller.py:215 _handle_generate_content() - backlink generate_content action failed
Traceback (most recent call last):
  File "/Users/lanie/Sites/Backend/Blog generator/app/controllers/backlink_blog_controller.py", line 207, in _handle_generate_content
    record_blog(
    ~~~~~~~~~~~^
        brand=state["brand"],
        ^^^^^^^^^^^^^^^^^^^^^
    ...<2 lines>...
        supporting_keyword=state["supporting_keyword"],
        ^^^^^^^^^^^^^^^^^^^^^^^^^^^^^^^^^^^^^^^^^^^^^^^
    )
    ^
  File "/Users/lanie/Sites/Backend/Blog generator/database/pages.py", line 103, in record_blog
    keyword_record = get_or_create_keyword(keyword_value)
  File "/Users/lanie/Sites/Backend/Blog generator/database/keywords.py", line 20, in get_or_create_keyword
    cursor = connection.execute(
        "INSERT INTO keywords (keyword, normalized_keyword) VALUES (?, ?)",
        (keyword_value, normalized),
    )
sqlite3.OperationalError: database is locked
2026-04-30 17:41:22,606 WARNING blog_generator content_generator.py:165 _generate_content_from_prompt() - Content word count is 496 (minimum: 800) on attempt 1/3. Raw response length: 3765 chars
2026-04-30 17:44:56,773 INFO blog_generator content_generator.py:187 _generate_content_from_prompt() - Content generated successfully with 989 words on attempt 2/3
2026-04-30 17:45:53,290 WARNING blog_generator content_generator.py:165 _generate_content_from_prompt() - Content word count is 615 (minimum: 800) on attempt 1/3. Raw response length: 4599 chars
2026-04-30 17:47:40,092 WARNING blog_generator content_generator.py:165 _generate_content_from_prompt() - Content word count is 688 (minimum: 800) on attempt 2/3. Raw response length: 4975 chars
2026-04-30 17:49:06,774 INFO blog_generator content_generator.py:187 _generate_content_from_prompt() - Content generated successfully with 839 words on attempt 3/3
2026-04-30 17:54:18,885 WARNING blog_generator content_generator.py:156 _generate_content_from_prompt() - Content used banned terms guaranteed on attempt 1/3
2026-04-30 17:56:52,368 WARNING blog_generator content_generator.py:156 _generate_content_from_prompt() - Content used banned terms guaranteed on attempt 2/3
2026-04-30 17:59:32,971 WARNING blog_generator content_generator.py:165 _generate_content_from_prompt() - Content word count is 717 (minimum: 800) on attempt 3/3. Raw response length: 4922 chars
2026-04-30 17:59:32,972 ERROR blog_generator blog_controller.py:155 _handle_generate_content() - generate_content action failed
Traceback (most recent call last):
  File "/Users/lanie/Sites/Backend/Blog generator/app/controllers/blog_controller.py", line 127, in _handle_generate_content
    state["content"] = generate_content(
                       ~~~~~~~~~~~~~~~~^
        provider,
        ^^^^^^^^^
    ...<8 lines>...
        change_request=state["change_request"],
        ^^^^^^^^^^^^^^^^^^^^^^^^^^^^^^^^^^^^^^^
    )
    ^
  File "/Users/lanie/Sites/Backend/Blog generator/generators/content_generator.py", line 230, in generate_content
    return _generate_content_from_prompt(provider, prompt)
  File "/Users/lanie/Sites/Backend/Blog generator/generators/content_generator.py", line 201, in _generate_content_from_prompt
    raise ValueError(
    ...<2 lines>...
    )
ValueError: Generated article could not satisfy the rules after 3 attempts. Last attempt was 717 words.
2026-04-30 18:01:34,655 WARNING blog_generator content_generator.py:165 _generate_content_from_prompt() - Content word count is 562 (minimum: 800) on attempt 1/3. Raw response length: 4172 chars
2026-05-01 00:28:06,060 INFO blog_generator content_generator.py:187 _generate_content_from_prompt() - Content generated successfully with 1137 words on attempt 1/3
2026-05-01 03:53:56,054 INFO blog_generator content_generator.py:187 _generate_content_from_prompt() - Content generated successfully with 903 words on attempt 2/3
2026-05-01 06:55:55,192 WARNING blog_generator content_generator.py:165 _generate_content_from_prompt() - Content word count is 707 (minimum: 800) on attempt 1/3. Raw response length: 5055 chars
2026-05-01 08:58:08,968 WARNING blog_generator content_generator.py:156 _generate_content_from_prompt() - Content used banned terms guaranteed on attempt 2/3
2026-05-01 09:02:35,536 WARNING blog_generator content_generator.py:156 _generate_content_from_prompt() - Content used banned terms guaranteed, illegal on attempt 3/3
2026-05-01 09:02:35,536 ERROR blog_generator blog_controller.py:155 _handle_generate_content() - generate_content action failed
Traceback (most recent call last):
  File "/Users/lanie/Sites/Backend/Blog generator/app/controllers/blog_controller.py", line 127, in _handle_generate_content
    state["content"] = generate_content(
                       ~~~~~~~~~~~~~~~~^
        provider,
        ^^^^^^^^^
    ...<8 lines>...
        change_request=state["change_request"],
        ^^^^^^^^^^^^^^^^^^^^^^^^^^^^^^^^^^^^^^^
    )
    ^
  File "/Users/lanie/Sites/Backend/Blog generator/generators/content_generator.py", line 230, in generate_content
    return _generate_content_from_prompt(provider, prompt)
  File "/Users/lanie/Sites/Backend/Blog generator/generators/content_generator.py", line 201, in _generate_content_from_prompt
    raise ValueError(
    ...<2 lines>...
    )
ValueError: Generated article could not satisfy the rules after 3 attempts. Last attempt was 959 words.
2026-05-01 09:57:01,005 INFO blog_generator content_generator.py:187 _generate_content_from_prompt() - Content generated successfully with 176 words on attempt 1/3
2026-05-01 09:57:06,265 ERROR blog_generator backlink_blog_controller.py:209 _handle_generate_content() - backlink generate_content action failed
Traceback (most recent call last):
  File "/Users/lanie/Sites/Backend/Blog generator/app/controllers/backlink_blog_controller.py", line 201, in _handle_generate_content
    record_blog(
    ~~~~~~~~~~~^
        brand=state["brand"],
        ^^^^^^^^^^^^^^^^^^^^^
    ...<2 lines>...
        supporting_keyword="",
        ^^^^^^^^^^^^^^^^^^^^^^
    )
    ^
  File "/Users/lanie/Sites/Backend/Blog generator/database/pages.py", line 103, in record_blog
    keyword_record = get_or_create_keyword(keyword_value)
  File "/Users/lanie/Sites/Backend/Blog generator/database/keywords.py", line 20, in get_or_create_keyword
    cursor = connection.execute(
        "INSERT INTO keywords (keyword, normalized_keyword) VALUES (?, ?)",
        (keyword_value, normalized),
    )
sqlite3.OperationalError: database is locked
2026-05-01 09:59:00,757 INFO blog_generator content_generator.py:187 _generate_content_from_prompt() - Content generated successfully with 260 words on attempt 1/3
2026-05-01 09:59:05,993 ERROR blog_generator backlink_blog_controller.py:209 _handle_generate_content() - backlink generate_content action failed
Traceback (most recent call last):
  File "/Users/lanie/Sites/Backend/Blog generator/app/controllers/backlink_blog_controller.py", line 201, in _handle_generate_content
    record_blog(
    ~~~~~~~~~~~^
        brand=state["brand"],
        ^^^^^^^^^^^^^^^^^^^^^
    ...<2 lines>...
        supporting_keyword="",
        ^^^^^^^^^^^^^^^^^^^^^^
    )
    ^
  File "/Users/lanie/Sites/Backend/Blog generator/database/pages.py", line 103, in record_blog
    keyword_record = get_or_create_keyword(keyword_value)
  File "/Users/lanie/Sites/Backend/Blog generator/database/keywords.py", line 20, in get_or_create_keyword
    cursor = connection.execute(
        "INSERT INTO keywords (keyword, normalized_keyword) VALUES (?, ?)",
        (keyword_value, normalized),
    )
sqlite3.OperationalError: database is locked
2026-05-01 10:06:08,445 INFO blog_generator content_generator.py:187 _generate_content_from_prompt() - Content generated successfully with 285 words on attempt 1/3
2026-05-01 10:06:13,711 ERROR blog_generator backlink_blog_controller.py:209 _handle_generate_content() - backlink generate_content action failed
Traceback (most recent call last):
  File "/Users/lanie/Sites/Backend/Blog generator/app/controllers/backlink_blog_controller.py", line 201, in _handle_generate_content
    record_blog(
    ~~~~~~~~~~~^
        brand=state["brand"],
        ^^^^^^^^^^^^^^^^^^^^^
    ...<2 lines>...
        supporting_keyword="",
        ^^^^^^^^^^^^^^^^^^^^^^
    )
    ^
  File "/Users/lanie/Sites/Backend/Blog generator/database/pages.py", line 103, in record_blog
    keyword_record = get_or_create_keyword(keyword_value)
  File "/Users/lanie/Sites/Backend/Blog generator/database/keywords.py", line 20, in get_or_create_keyword
    cursor = connection.execute(
        "INSERT INTO keywords (keyword, normalized_keyword) VALUES (?, ?)",
        (keyword_value, normalized),
    )
sqlite3.OperationalError: database is locked
2026-05-01 10:06:38,475 INFO blog_generator content_generator.py:187 _generate_content_from_prompt() - Content generated successfully with 221 words on attempt 1/3
2026-05-01 10:06:43,709 ERROR blog_generator backlink_blog_controller.py:209 _handle_generate_content() - backlink generate_content action failed
Traceback (most recent call last):
  File "/Users/lanie/Sites/Backend/Blog generator/app/controllers/backlink_blog_controller.py", line 201, in _handle_generate_content
    record_blog(
    ~~~~~~~~~~~^
        brand=state["brand"],
        ^^^^^^^^^^^^^^^^^^^^^
    ...<2 lines>...
        supporting_keyword="",
        ^^^^^^^^^^^^^^^^^^^^^^
    )
    ^
  File "/Users/lanie/Sites/Backend/Blog generator/database/pages.py", line 103, in record_blog
    keyword_record = get_or_create_keyword(keyword_value)
  File "/Users/lanie/Sites/Backend/Blog generator/database/keywords.py", line 20, in get_or_create_keyword
    cursor = connection.execute(
        "INSERT INTO keywords (keyword, normalized_keyword) VALUES (?, ?)",
        (keyword_value, normalized),
    )
sqlite3.OperationalError: database is locked
2026-05-01 10:20:21,064 WARNING blog_generator content_generator.py:179 _generate_content_from_prompt() - Content validation failed on attempt 1/3: The required brand URL must be inserted inside the first paragraph and must not be placed later in the article.
2026-05-01 10:21:19,632 INFO blog_generator content_generator.py:187 _generate_content_from_prompt() - Content generated successfully with 262 words on attempt 2/3
2026-05-01 10:21:24,859 ERROR blog_generator backlink_blog_controller.py:211 _handle_generate_content() - backlink generate_content action failed
Traceback (most recent call last):
  File "/Users/lanie/Sites/Backend/Blog generator/app/controllers/backlink_blog_controller.py", line 203, in _handle_generate_content
    record_blog(
    ~~~~~~~~~~~^
        brand=state["brand"],
        ^^^^^^^^^^^^^^^^^^^^^
    ...<2 lines>...
        supporting_keyword="",
        ^^^^^^^^^^^^^^^^^^^^^^
    )
    ^
  File "/Users/lanie/Sites/Backend/Blog generator/database/pages.py", line 103, in record_blog
    keyword_record = get_or_create_keyword(keyword_value)
  File "/Users/lanie/Sites/Backend/Blog generator/database/keywords.py", line 20, in get_or_create_keyword
    cursor = connection.execute(
        "INSERT INTO keywords (keyword, normalized_keyword) VALUES (?, ?)",
        (keyword_value, normalized),
    )
sqlite3.OperationalError: database is locked
2026-05-01 10:27:25,540 WARNING blog_generator content_generator.py:184 _generate_content_from_prompt() - Content word count is 20 (maximum: 10) on attempt 1/3. Raw response length: 121 chars
2026-05-01 10:27:25,541 INFO blog_generator content_generator.py:206 _generate_content_from_prompt() - Content generated successfully with 5 words on attempt 2/3
2026-05-01 10:29:08,036 WARNING blog_generator content_generator.py:172 _generate_content_from_prompt() - Content word count is 648 (minimum: 800) on attempt 1/3. Raw response length: 4967 chars
2026-05-01 10:30:27,754 WARNING blog_generator content_generator.py:172 _generate_content_from_prompt() - Content word count is 673 (minimum: 800) on attempt 2/3. Raw response length: 5095 chars
2026-05-01 10:31:31,318 WARNING blog_generator content_generator.py:163 _generate_content_from_prompt() - Content used banned terms instant on attempt 3/3
2026-05-01 10:31:31,320 ERROR blog_generator backlink_blog_controller.py:211 _handle_generate_content() - backlink generate_content action failed
Traceback (most recent call last):
  File "/Users/lanie/Sites/Backend/Blog generator/app/controllers/backlink_blog_controller.py", line 185, in _handle_generate_content
    state["content"] = generate_backlink_content(
                       ~~~~~~~~~~~~~~~~~~~~~~~~~^
        provider,
        ^^^^^^^^^
    ...<7 lines>...
        **backlink_context,
        ^^^^^^^^^^^^^^^^^^^
    )
    ^
  File "/Users/lanie/Sites/Backend/Blog generator/generators/content_generator.py", line 355, in generate_backlink_content
    content = _generate_content_from_prompt(
        provider,
    ...<3 lines>...
        validator=validator,
    )
  File "/Users/lanie/Sites/Backend/Blog generator/generators/content_generator.py", line 220, in _generate_content_from_prompt
    raise ValueError(
    ...<2 lines>...
    )
ValueError: Generated article could not satisfy the rules after 3 attempts. Last attempt was 554 words.
2026-05-01 10:46:06,393 WARNING blog_generator meta_description_generator.py:32 _generate_meta_descriptions_from_prompt() - Generated meta descriptions used banned terms instant on attempt 1/3
2026-05-01 10:48:36,422 WARNING blog_generator content_generator.py:163 _generate_content_from_prompt() - Content used banned terms instant on attempt 1/3
2026-05-01 10:50:46,542 WARNING blog_generator content_generator.py:163 _generate_content_from_prompt() - Content used banned terms instant on attempt 1/3
2026-05-01 10:52:05,748 WARNING blog_generator content_generator.py:163 _generate_content_from_prompt() - Content used banned terms instant on attempt 2/3
2026-05-01 10:54:00,379 WARNING blog_generator content_generator.py:172 _generate_content_from_prompt() - Content word count is 681 (minimum: 800) on attempt 2/3. Raw response length: 5766 chars
2026-05-01 10:55:09,165 INFO blog_generator content_generator.py:206 _generate_content_from_prompt() - Content generated successfully with 809 words on attempt 3/3
2026-05-01 10:55:14,446 ERROR blog_generator backlink_blog_controller.py:211 _handle_generate_content() - backlink generate_content action failed
Traceback (most recent call last):
  File "/Users/lanie/Sites/Backend/Blog generator/app/controllers/backlink_blog_controller.py", line 203, in _handle_generate_content
    record_blog(
    ~~~~~~~~~~~^
        brand=state["brand"],
        ^^^^^^^^^^^^^^^^^^^^^
    ...<2 lines>...
        supporting_keyword="",
        ^^^^^^^^^^^^^^^^^^^^^^
    )
    ^
  File "/Users/lanie/Sites/Backend/Blog generator/database/pages.py", line 103, in record_blog
    keyword_record = get_or_create_keyword(keyword_value)
  File "/Users/lanie/Sites/Backend/Blog generator/database/keywords.py", line 20, in get_or_create_keyword
    cursor = connection.execute(
        "INSERT INTO keywords (keyword, normalized_keyword) VALUES (?, ?)",
        (keyword_value, normalized),
    )
sqlite3.OperationalError: database is locked
2026-05-01 10:56:37,768 WARNING blog_generator content_generator.py:163 _generate_content_from_prompt() - Content used banned terms instant on attempt 3/3
2026-05-01 10:56:37,769 ERROR blog_generator backlink_blog_controller.py:211 _handle_generate_content() - backlink generate_content action failed
Traceback (most recent call last):
  File "/Users/lanie/Sites/Backend/Blog generator/app/controllers/backlink_blog_controller.py", line 185, in _handle_generate_content
    state["content"] = generate_backlink_content(
                       ~~~~~~~~~~~~~~~~~~~~~~~~~^
        provider,
        ^^^^^^^^^
    ...<7 lines>...
        **backlink_context,
        ^^^^^^^^^^^^^^^^^^^
    )
    ^
  File "/Users/lanie/Sites/Backend/Blog generator/generators/content_generator.py", line 355, in generate_backlink_content
    content = _generate_content_from_prompt(
        provider,
    ...<3 lines>...
        validator=validator,
    )
  File "/Users/lanie/Sites/Backend/Blog generator/generators/content_generator.py", line 220, in _generate_content_from_prompt
    raise ValueError(
    ...<2 lines>...
    )
ValueError: Generated article could not satisfy the rules after 3 attempts. Last attempt was 849 words.
2026-05-01 11:07:16,339 WARNING blog_generator content_generator.py:172 _generate_content_from_prompt() - Content word count is 547 (minimum: 600) on attempt 1/3. Raw response length: 3852 chars
2026-05-01 11:09:58,489 INFO blog_generator content_generator.py:206 _generate_content_from_prompt() - Content generated successfully with 976 words on attempt 2/3
2026-05-01 11:10:03,741 ERROR blog_generator backlink_blog_controller.py:211 _handle_generate_content() - backlink generate_content action failed
Traceback (most recent call last):
  File "/Users/lanie/Sites/Backend/Blog generator/app/controllers/backlink_blog_controller.py", line 203, in _handle_generate_content
    record_blog(
    ~~~~~~~~~~~^
        brand=state["brand"],
        ^^^^^^^^^^^^^^^^^^^^^
    ...<2 lines>...
        supporting_keyword="",
        ^^^^^^^^^^^^^^^^^^^^^^
    )
    ^
  File "/Users/lanie/Sites/Backend/Blog generator/database/pages.py", line 103, in record_blog
    keyword_record = get_or_create_keyword(keyword_value)
  File "/Users/lanie/Sites/Backend/Blog generator/database/keywords.py", line 20, in get_or_create_keyword
    cursor = connection.execute(
        "INSERT INTO keywords (keyword, normalized_keyword) VALUES (?, ?)",
        (keyword_value, normalized),
    )
sqlite3.OperationalError: database is locked
2026-05-01 11:10:47,618 WARNING blog_generator content_generator.py:172 _generate_content_from_prompt() - Content word count is 604 (minimum: 900) on attempt 1/3. Raw response length: 4631 chars
2026-05-01 11:12:18,059 INFO blog_generator content_generator.py:206 _generate_content_from_prompt() - Content generated successfully with 923 words on attempt 2/3
2026-05-01 11:12:23,282 ERROR blog_generator backlink_blog_controller.py:211 _handle_generate_content() - backlink generate_content action failed
Traceback (most recent call last):
  File "/Users/lanie/Sites/Backend/Blog generator/app/controllers/backlink_blog_controller.py", line 203, in _handle_generate_content
    record_blog(
    ~~~~~~~~~~~^
        brand=state["brand"],
        ^^^^^^^^^^^^^^^^^^^^^
    ...<2 lines>...
        supporting_keyword="",
        ^^^^^^^^^^^^^^^^^^^^^^
    )
    ^
  File "/Users/lanie/Sites/Backend/Blog generator/database/pages.py", line 103, in record_blog
    keyword_record = get_or_create_keyword(keyword_value)
  File "/Users/lanie/Sites/Backend/Blog generator/database/keywords.py", line 20, in get_or_create_keyword
    cursor = connection.execute(
        "INSERT INTO keywords (keyword, normalized_keyword) VALUES (?, ?)",
        (keyword_value, normalized),
    )
sqlite3.OperationalError: database is locked
2026-05-01 12:18:47,645 WARNING blog_generator content_generator.py:163 _generate_content_from_prompt() - Content used banned terms instant on attempt 1/3
2026-05-01 12:21:17,286 WARNING blog_generator content_generator.py:163 _generate_content_from_prompt() - Content used banned terms instant on attempt 2/3
2026-05-01 12:23:05,831 INFO blog_generator content_generator.py:206 _generate_content_from_prompt() - Content generated successfully with 880 words on attempt 3/3
2026-05-01 12:23:11,092 ERROR blog_generator backlink_blog_controller.py:216 _handle_generate_content() - backlink generate_content action failed
Traceback (most recent call last):
  File "/Users/lanie/Sites/Backend/Blog generator/app/controllers/backlink_blog_controller.py", line 208, in _handle_generate_content
    record_blog(
    ~~~~~~~~~~~^
        brand=state["brand"],
        ^^^^^^^^^^^^^^^^^^^^^
    ...<2 lines>...
        supporting_keyword="",
        ^^^^^^^^^^^^^^^^^^^^^^
    )
    ^
  File "/Users/lanie/Sites/Backend/Blog generator/database/pages.py", line 103, in record_blog
    keyword_record = get_or_create_keyword(keyword_value)
  File "/Users/lanie/Sites/Backend/Blog generator/database/keywords.py", line 20, in get_or_create_keyword
    cursor = connection.execute(
        "INSERT INTO keywords (keyword, normalized_keyword) VALUES (?, ?)",
        (keyword_value, normalized),
    )
sqlite3.OperationalError: database is locked
2026-05-01 12:28:28,186 WARNING blog_generator content_generator.py:163 _generate_content_from_prompt() - Content used banned terms instant on attempt 1/3
2026-05-01 12:30:44,633 WARNING blog_generator content_generator.py:163 _generate_content_from_prompt() - Content used banned terms instant on attempt 1/3
2026-05-01 12:31:55,773 INFO blog_generator content_generator.py:206 _generate_content_from_prompt() - Content generated successfully with 809 words on attempt 2/3
2026-05-01 12:32:00,990 ERROR blog_generator backlink_blog_controller.py:216 _handle_generate_content() - backlink generate_content action failed
Traceback (most recent call last):
  File "/Users/lanie/Sites/Backend/Blog generator/app/controllers/backlink_blog_controller.py", line 208, in _handle_generate_content
    record_blog(
    ~~~~~~~~~~~^
        brand=state["brand"],
        ^^^^^^^^^^^^^^^^^^^^^
    ...<2 lines>...
        supporting_keyword="",
        ^^^^^^^^^^^^^^^^^^^^^^
    )
    ^
  File "/Users/lanie/Sites/Backend/Blog generator/database/pages.py", line 103, in record_blog
    keyword_record = get_or_create_keyword(keyword_value)
  File "/Users/lanie/Sites/Backend/Blog generator/database/keywords.py", line 20, in get_or_create_keyword
    cursor = connection.execute(
        "INSERT INTO keywords (keyword, normalized_keyword) VALUES (?, ?)",
        (keyword_value, normalized),
    )
sqlite3.OperationalError: database is locked
2026-05-01 12:34:22,153 INFO blog_generator content_generator.py:206 _generate_content_from_prompt() - Content generated successfully with 844 words on attempt 2/3
2026-05-01 12:34:27,417 ERROR blog_generator backlink_blog_controller.py:216 _handle_generate_content() - backlink generate_content action failed
Traceback (most recent call last):
  File "/Users/lanie/Sites/Backend/Blog generator/app/controllers/backlink_blog_controller.py", line 208, in _handle_generate_content
    record_blog(
    ~~~~~~~~~~~^
        brand=state["brand"],
        ^^^^^^^^^^^^^^^^^^^^^
    ...<2 lines>...
        supporting_keyword="",
        ^^^^^^^^^^^^^^^^^^^^^^
    )
    ^
  File "/Users/lanie/Sites/Backend/Blog generator/database/pages.py", line 103, in record_blog
    keyword_record = get_or_create_keyword(keyword_value)
  File "/Users/lanie/Sites/Backend/Blog generator/database/keywords.py", line 20, in get_or_create_keyword
    cursor = connection.execute(
        "INSERT INTO keywords (keyword, normalized_keyword) VALUES (?, ?)",
        (keyword_value, normalized),
    )
sqlite3.OperationalError: database is locked
2026-05-01 12:36:12,488 WARNING blog_generator content_generator.py:172 _generate_content_from_prompt() - Content word count is 536 (minimum: 600) on attempt 1/3. Raw response length: 3816 chars
2026-05-01 12:37:28,564 WARNING blog_generator content_generator.py:163 _generate_content_from_prompt() - Content used banned terms instant on attempt 2/3
2026-05-01 12:38:50,319 WARNING blog_generator content_generator.py:172 _generate_content_from_prompt() - Content word count is 536 (minimum: 600) on attempt 3/3. Raw response length: 4631 chars
2026-05-01 12:38:50,319 ERROR blog_generator backlink_blog_controller.py:216 _handle_generate_content() - backlink generate_content action failed
Traceback (most recent call last):
  File "/Users/lanie/Sites/Backend/Blog generator/app/controllers/backlink_blog_controller.py", line 189, in _handle_generate_content
    state["content"] = generate_backlink_content(
                       ~~~~~~~~~~~~~~~~~~~~~~~~~^
        provider,
        ^^^^^^^^^
    ...<8 lines>...
        **backlink_context,
        ^^^^^^^^^^^^^^^^^^^
    )
    ^
  File "/Users/lanie/Sites/Backend/Blog generator/generators/content_generator.py", line 367, in generate_backlink_content
    content = _generate_content_from_prompt(
        provider,
    ...<3 lines>...
        validator=validator,
    )
  File "/Users/lanie/Sites/Backend/Blog generator/generators/content_generator.py", line 220, in _generate_content_from_prompt
    raise ValueError(
    ...<2 lines>...
    )
ValueError: Generated article could not satisfy the rules after 3 attempts. Last attempt was 536 words.
2026-05-01 14:22:06,183 WARNING blog_generator content_generator.py:198 _generate_content_from_prompt() - Content validation failed on attempt 1/3: The required brand URL must be inserted inside the first paragraph and must not be placed later in the article.
2026-05-01 14:24:26,567 INFO blog_generator content_generator.py:206 _generate_content_from_prompt() - Content generated successfully with 544 words on attempt 2/3
2026-05-01 14:24:31,792 ERROR blog_generator backlink_blog_controller.py:216 _handle_generate_content() - backlink generate_content action failed
Traceback (most recent call last):
  File "/Users/lanie/Sites/Backend/Blog generator/app/controllers/backlink_blog_controller.py", line 208, in _handle_generate_content
    record_blog(
    ~~~~~~~~~~~^
        brand=state["brand"],
        ^^^^^^^^^^^^^^^^^^^^^
    ...<2 lines>...
        supporting_keyword="",
        ^^^^^^^^^^^^^^^^^^^^^^
    )
    ^
  File "/Users/lanie/Sites/Backend/Blog generator/database/pages.py", line 103, in record_blog
    keyword_record = get_or_create_keyword(keyword_value)
  File "/Users/lanie/Sites/Backend/Blog generator/database/keywords.py", line 20, in get_or_create_keyword
    cursor = connection.execute(
        "INSERT INTO keywords (keyword, normalized_keyword) VALUES (?, ?)",
        (keyword_value, normalized),
    )
sqlite3.OperationalError: database is locked
2026-05-01 14:25:56,555 WARNING blog_generator content_generator.py:172 _generate_content_from_prompt() - Content word count is 532 (minimum: 800) on attempt 1/3. Raw response length: 4349 chars
2026-05-01 14:27:13,403 WARNING blog_generator content_generator.py:172 _generate_content_from_prompt() - Content word count is 661 (minimum: 800) on attempt 2/3. Raw response length: 5372 chars
2026-05-01 14:28:34,801 WARNING blog_generator content_generator.py:172 _generate_content_from_prompt() - Content word count is 672 (minimum: 800) on attempt 3/3. Raw response length: 5507 chars
2026-05-01 14:28:34,802 ERROR blog_generator backlink_blog_controller.py:216 _handle_generate_content() - backlink generate_content action failed
Traceback (most recent call last):
  File "/Users/lanie/Sites/Backend/Blog generator/app/controllers/backlink_blog_controller.py", line 189, in _handle_generate_content
    state["content"] = generate_backlink_content(
                       ~~~~~~~~~~~~~~~~~~~~~~~~~^
        provider,
        ^^^^^^^^^
    ...<8 lines>...
        **backlink_context,
        ^^^^^^^^^^^^^^^^^^^
    )
    ^
  File "/Users/lanie/Sites/Backend/Blog generator/generators/content_generator.py", line 367, in generate_backlink_content
    content = _generate_content_from_prompt(
        provider,
    ...<3 lines>...
        validator=validator,
    )
  File "/Users/lanie/Sites/Backend/Blog generator/generators/content_generator.py", line 220, in _generate_content_from_prompt
    raise ValueError(
    ...<2 lines>...
    )
ValueError: Generated article could not satisfy the rules after 3 attempts. Last attempt was 672 words.
2026-05-01 14:42:51,901 WARNING blog_generator meta_description_generator.py:32 _generate_meta_descriptions_from_prompt() - Generated meta descriptions used banned terms instant on attempt 1/3
2026-05-01 14:43:49,375 WARNING blog_generator content_generator.py:172 _generate_content_from_prompt() - Content word count is 783 (minimum: 900) on attempt 1/3. Raw response length: 5595 chars
2026-05-01 14:45:55,811 WARNING blog_generator content_generator.py:172 _generate_content_from_prompt() - Content word count is 729 (minimum: 900) on attempt 2/3. Raw response length: 5597 chars
2026-05-01 14:48:34,353 WARNING blog_generator content_generator.py:163 _generate_content_from_prompt() - Content used banned terms instant on attempt 1/3
2026-05-01 14:49:55,685 WARNING blog_generator content_generator.py:172 _generate_content_from_prompt() - Content word count is 878 (minimum: 900) on attempt 3/3. Raw response length: 6471 chars
2026-05-01 14:49:55,686 ERROR blog_generator backlink_blog_controller.py:216 _handle_generate_content() - backlink generate_content action failed
Traceback (most recent call last):
  File "/Users/lanie/Sites/Backend/Blog generator/app/controllers/backlink_blog_controller.py", line 189, in _handle_generate_content
    state["content"] = generate_backlink_content(
                       ~~~~~~~~~~~~~~~~~~~~~~~~~^
        provider,
        ^^^^^^^^^
    ...<8 lines>...
        **backlink_context,
        ^^^^^^^^^^^^^^^^^^^
    )
    ^
  File "/Users/lanie/Sites/Backend/Blog generator/generators/content_generator.py", line 367, in generate_backlink_content
    content = _generate_content_from_prompt(
        provider,
    ...<3 lines>...
        validator=validator,
    )
  File "/Users/lanie/Sites/Backend/Blog generator/generators/content_generator.py", line 220, in _generate_content_from_prompt
    raise ValueError(
    ...<2 lines>...
    )
ValueError: Generated article could not satisfy the rules after 3 attempts. Last attempt was 878 words.
2026-05-01 14:51:18,163 INFO blog_generator content_generator.py:206 _generate_content_from_prompt() - Content generated successfully with 815 words on attempt 2/3
2026-05-01 14:51:23,380 ERROR blog_generator backlink_blog_controller.py:216 _handle_generate_content() - backlink generate_content action failed
Traceback (most recent call last):
  File "/Users/lanie/Sites/Backend/Blog generator/app/controllers/backlink_blog_controller.py", line 208, in _handle_generate_content
    record_blog(
    ~~~~~~~~~~~^
        brand=state["brand"],
        ^^^^^^^^^^^^^^^^^^^^^
    ...<2 lines>...
        supporting_keyword="",
        ^^^^^^^^^^^^^^^^^^^^^^
    )
    ^
  File "/Users/lanie/Sites/Backend/Blog generator/database/pages.py", line 103, in record_blog
    keyword_record = get_or_create_keyword(keyword_value)
  File "/Users/lanie/Sites/Backend/Blog generator/database/keywords.py", line 20, in get_or_create_keyword
    cursor = connection.execute(
        "INSERT INTO keywords (keyword, normalized_keyword) VALUES (?, ?)",
        (keyword_value, normalized),
    )
sqlite3.OperationalError: database is locked
2026-05-01 15:22:49,958 WARNING blog_generator content_generator.py:172 _generate_content_from_prompt() - Content word count is 654 (minimum: 900) on attempt 1/3. Raw response length: 4962 chars
2026-05-01 15:24:03,191 WARNING blog_generator content_generator.py:172 _generate_content_from_prompt() - Content word count is 794 (minimum: 900) on attempt 2/3. Raw response length: 5617 chars
2026-05-01 15:25:23,262 WARNING blog_generator content_generator.py:172 _generate_content_from_prompt() - Content word count is 874 (minimum: 900) on attempt 3/3. Raw response length: 6119 chars
2026-05-01 15:25:23,264 ERROR blog_generator backlink_blog_controller.py:216 _handle_generate_content() - backlink generate_content action failed
Traceback (most recent call last):
  File "/Users/lanie/Sites/Backend/Blog generator/app/controllers/backlink_blog_controller.py", line 189, in _handle_generate_content
    state["content"] = generate_backlink_content(
                       ~~~~~~~~~~~~~~~~~~~~~~~~~^
        provider,
        ^^^^^^^^^
    ...<8 lines>...
        **backlink_context,
        ^^^^^^^^^^^^^^^^^^^
    )
    ^
  File "/Users/lanie/Sites/Backend/Blog generator/generators/content_generator.py", line 367, in generate_backlink_content
    content = _generate_content_from_prompt(
        provider,
    ...<3 lines>...
        validator=validator,
    )
  File "/Users/lanie/Sites/Backend/Blog generator/generators/content_generator.py", line 220, in _generate_content_from_prompt
    raise ValueError(
    ...<2 lines>...
    )
ValueError: Generated article could not satisfy the rules after 3 attempts. Last attempt was 874 words.
2026-05-01 15:31:54,089 WARNING blog_generator page_generator.py:107 generate_page() - Page word count is 413 (minimum: 900) for keyword 'Game Explorer PH' on attempt 1/3
2026-05-01 15:33:50,119 INFO blog_generator page_generator.py:118 generate_page() - Page generated successfully for keyword 'Game Explorer PH' with 937 words and 3 image placeholders on attempt 2/3
2026-05-01 15:33:55,326 ERROR blog_generator page_controller.py:67 page_generator() - page_generator action failed
Traceback (most recent call last):
  File "/Users/lanie/Sites/Backend/Blog generator/app/controllers/page_controller.py", line 58, in page_generator
    record_page(
    ~~~~~~~~~~~^
        brand=state["brand"],
        ^^^^^^^^^^^^^^^^^^^^^
    ...<4 lines>...
        expectations=state["expectations"],
        ^^^^^^^^^^^^^^^^^^^^^^^^^^^^^^^^^^^
    )
    ^
  File "/Users/lanie/Sites/Backend/Blog generator/database/pages.py", line 148, in record_page
    keyword_record = get_or_create_keyword(keyword_value)
  File "/Users/lanie/Sites/Backend/Blog generator/database/keywords.py", line 20, in get_or_create_keyword
    cursor = connection.execute(
        "INSERT INTO keywords (keyword, normalized_keyword) VALUES (?, ?)",
        (keyword_value, normalized),
    )
sqlite3.OperationalError: database is locked
2026-05-01 16:05:48,071 WARNING blog_generator page_generator.py:107 generate_page() - Page word count is 459 (minimum: 900) for keyword 'About Us' on attempt 1/3
2026-05-01 16:07:35,212 WARNING blog_generator page_generator.py:107 generate_page() - Page word count is 855 (minimum: 900) for keyword 'About Us' on attempt 2/3
2026-05-01 16:10:26,760 INFO blog_generator page_generator.py:118 generate_page() - Page generated successfully for keyword 'About Us' with 973 words and 2 image placeholders on attempt 3/3
2026-05-01 16:10:32,020 ERROR blog_generator page_controller.py:67 page_generator() - page_generator action failed
Traceback (most recent call last):
  File "/Users/lanie/Sites/Backend/Blog generator/app/controllers/page_controller.py", line 58, in page_generator
    record_page(
    ~~~~~~~~~~~^
        brand=state["brand"],
        ^^^^^^^^^^^^^^^^^^^^^
    ...<4 lines>...
        expectations=state["expectations"],
        ^^^^^^^^^^^^^^^^^^^^^^^^^^^^^^^^^^^
    )
    ^
  File "/Users/lanie/Sites/Backend/Blog generator/database/pages.py", line 148, in record_page
    keyword_record = get_or_create_keyword(keyword_value)
  File "/Users/lanie/Sites/Backend/Blog generator/database/keywords.py", line 20, in get_or_create_keyword
    cursor = connection.execute(
        "INSERT INTO keywords (keyword, normalized_keyword) VALUES (?, ?)",
        (keyword_value, normalized),
    )
sqlite3.OperationalError: database is locked
2026-05-01 16:11:31,317 WARNING blog_generator meta_description_generator.py:32 _generate_meta_descriptions_from_prompt() - Generated meta descriptions used banned terms instant on attempt 1/3
2026-05-01 16:12:18,489 WARNING blog_generator content_generator.py:172 _generate_content_from_prompt() - Content word count is 579 (minimum: 900) on attempt 1/3. Raw response length: 4394 chars
2026-05-01 16:14:23,730 INFO blog_generator content_generator.py:206 _generate_content_from_prompt() - Content generated successfully with 915 words on attempt 2/3
2026-05-01 16:14:28,933 ERROR blog_generator backlink_blog_controller.py:216 _handle_generate_content() - backlink generate_content action failed
Traceback (most recent call last):
  File "/Users/lanie/Sites/Backend/Blog generator/app/controllers/backlink_blog_controller.py", line 208, in _handle_generate_content
    record_blog(
    ~~~~~~~~~~~^
        brand=state["brand"],
        ^^^^^^^^^^^^^^^^^^^^^
    ...<2 lines>...
        supporting_keyword="",
        ^^^^^^^^^^^^^^^^^^^^^^
    )
    ^
  File "/Users/lanie/Sites/Backend/Blog generator/database/pages.py", line 103, in record_blog
    keyword_record = get_or_create_keyword(keyword_value)
  File "/Users/lanie/Sites/Backend/Blog generator/database/keywords.py", line 20, in get_or_create_keyword
    cursor = connection.execute(
        "INSERT INTO keywords (keyword, normalized_keyword) VALUES (?, ?)",
        (keyword_value, normalized),
    )
sqlite3.OperationalError: database is locked
2026-05-01 16:16:31,774 WARNING blog_generator content_generator.py:172 _generate_content_from_prompt() - Content word count is 709 (minimum: 900) on attempt 1/3. Raw response length: 5340 chars
2026-05-01 16:17:59,478 WARNING blog_generator content_generator.py:163 _generate_content_from_prompt() - Content used banned terms instant on attempt 2/3
2026-05-01 16:19:28,974 WARNING blog_generator content_generator.py:163 _generate_content_from_prompt() - Content used banned terms instant on attempt 3/3
2026-05-01 16:19:28,975 ERROR blog_generator backlink_blog_controller.py:216 _handle_generate_content() - backlink generate_content action failed
Traceback (most recent call last):
  File "/Users/lanie/Sites/Backend/Blog generator/app/controllers/backlink_blog_controller.py", line 189, in _handle_generate_content
    state["content"] = generate_backlink_content(
                       ~~~~~~~~~~~~~~~~~~~~~~~~~^
        provider,
        ^^^^^^^^^
    ...<8 lines>...
        **backlink_context,
        ^^^^^^^^^^^^^^^^^^^
    )
    ^
  File "/Users/lanie/Sites/Backend/Blog generator/generators/content_generator.py", line 367, in generate_backlink_content
    content = _generate_content_from_prompt(
        provider,
    ...<3 lines>...
        validator=validator,
    )
  File "/Users/lanie/Sites/Backend/Blog generator/generators/content_generator.py", line 220, in _generate_content_from_prompt
    raise ValueError(
    ...<2 lines>...
    )
ValueError: Generated article could not satisfy the rules after 3 attempts. Last attempt was 1017 words.
2026-05-01 17:22:56,079 WARNING blog_generator page_generator.py:107 generate_page() - Page word count is 402 (minimum: 900) for keyword 'contact us' on attempt 1/3
2026-05-01 17:24:26,956 WARNING blog_generator page_generator.py:107 generate_page() - Page word count is 659 (minimum: 900) for keyword 'contact us' on attempt 2/3
2026-05-01 17:26:49,040 WARNING blog_generator page_generator.py:107 generate_page() - Page word count is 544 (minimum: 900) for keyword 'contact us' on attempt 3/3
2026-05-01 17:26:49,042 ERROR blog_generator page_controller.py:67 page_generator() - page_generator action failed
Traceback (most recent call last):
  File "/Users/lanie/Sites/Backend/Blog generator/app/controllers/page_controller.py", line 44, in page_generator
    result = generate_page(
        provider,
    ...<6 lines>...
        change_request=state["change_request"],
    )
  File "/Users/lanie/Sites/Backend/Blog generator/generators/page_generator.py", line 139, in generate_page
    raise ValueError(
    ...<2 lines>...
    )
ValueError: Generated page could not satisfy the rules after 3 attempts. Last attempt was 544 words.
2026-05-01 17:27:55,997 WARNING blog_generator content_generator.py:172 _generate_content_from_prompt() - Content word count is 598 (minimum: 900) on attempt 1/3. Raw response length: 4347 chars
2026-05-01 17:29:02,869 WARNING blog_generator content_generator.py:172 _generate_content_from_prompt() - Content word count is 790 (minimum: 900) on attempt 2/3. Raw response length: 5794 chars
2026-05-01 17:32:45,959 WARNING blog_generator content_generator.py:163 _generate_content_from_prompt() - Content used banned terms instant on attempt 3/3
2026-05-01 17:32:45,960 ERROR blog_generator backlink_blog_controller.py:216 _handle_generate_content() - backlink generate_content action failed
Traceback (most recent call last):
  File "/Users/lanie/Sites/Backend/Blog generator/app/controllers/backlink_blog_controller.py", line 189, in _handle_generate_content
    state["content"] = generate_backlink_content(
                       ~~~~~~~~~~~~~~~~~~~~~~~~~^
        provider,
        ^^^^^^^^^
    ...<8 lines>...
        **backlink_context,
        ^^^^^^^^^^^^^^^^^^^
    )
    ^
  File "/Users/lanie/Sites/Backend/Blog generator/generators/content_generator.py", line 367, in generate_backlink_content
    content = _generate_content_from_prompt(
        provider,
    ...<3 lines>...
        validator=validator,
    )
  File "/Users/lanie/Sites/Backend/Blog generator/generators/content_generator.py", line 220, in _generate_content_from_prompt
    raise ValueError(
    ...<2 lines>...
    )
ValueError: Generated article could not satisfy the rules after 3 attempts. Last attempt was 622 words.
2026-05-01 17:33:32,098 WARNING blog_generator page_generator.py:107 generate_page() - Page word count is 530 (minimum: 900) for keyword 'contact us' on attempt 1/3
2026-05-01 17:37:18,117 WARNING blog_generator content_generator.py:172 _generate_content_from_prompt() - Content word count is 423 (minimum: 900) on attempt 1/3. Raw response length: 3414 chars
2026-05-01 17:39:47,195 WARNING blog_generator content_generator.py:172 _generate_content_from_prompt() - Content word count is 736 (minimum: 900) on attempt 2/3. Raw response length: 5583 chars
2026-05-01 17:48:06,833 WARNING blog_generator page_generator.py:97 generate_page() - Page output used banned terms instant for keyword 'contact us' on attempt 1/3
2026-05-01 17:49:19,617 WARNING blog_generator content_generator.py:172 _generate_content_from_prompt() - Content word count is 677 (minimum: 900) on attempt 3/3. Raw response length: 5141 chars
2026-05-01 17:49:19,618 ERROR blog_generator backlink_blog_controller.py:218 _handle_generate_content() - backlink generate_content action failed
Traceback (most recent call last):
  File "/Users/lanie/Sites/Backend/Blog generator/app/controllers/backlink_blog_controller.py", line 191, in _handle_generate_content
    state["content"] = generate_backlink_content(
                       ~~~~~~~~~~~~~~~~~~~~~~~~~^
        provider,
        ^^^^^^^^^
    ...<8 lines>...
        **backlink_context,
        ^^^^^^^^^^^^^^^^^^^
    )
    ^
  File "/Users/lanie/Sites/Backend/Blog generator/generators/content_generator.py", line 367, in generate_backlink_content
    content = _generate_content_from_prompt(
        provider,
    ...<3 lines>...
        validator=validator,
    )
  File "/Users/lanie/Sites/Backend/Blog generator/generators/content_generator.py", line 220, in _generate_content_from_prompt
    raise ValueError(
    ...<2 lines>...
    )
ValueError: Generated article could not satisfy the rules after 3 attempts. Last attempt was 677 words.
2026-05-01 17:53:37,654 WARNING blog_generator page_generator.py:107 generate_page() - Page word count is 705 (minimum: 900) for keyword 'contact us' on attempt 2/3
2026-05-01 17:55:24,058 WARNING blog_generator content_generator.py:172 _generate_content_from_prompt() - Content word count is 574 (minimum: 900) on attempt 1/3. Raw response length: 4581 chars
2026-05-01 20:01:53,437 WARNING blog_generator page_generator.py:107 generate_page() - Page word count is 583 (minimum: 900) for keyword 'contact the author' on attempt 1/3
2026-05-01 23:54:58,575 WARNING blog_generator page_generator.py:97 generate_page() - Page output used banned terms instant for keyword 'contact us' on attempt 3/3
2026-05-01 23:54:58,576 ERROR blog_generator page_controller.py:67 page_generator() - page_generator action failed
Traceback (most recent call last):
  File "/Users/lanie/Sites/Backend/Blog generator/app/controllers/page_controller.py", line 44, in page_generator
    result = generate_page(
        provider,
    ...<6 lines>...
        change_request=state["change_request"],
    )
  File "/Users/lanie/Sites/Backend/Blog generator/generators/page_generator.py", line 139, in generate_page
    raise ValueError(
    ...<2 lines>...
    )
ValueError: Generated page could not satisfy the rules after 3 attempts. Last attempt was 669 words.
2026-05-02 03:51:52,230 WARNING blog_generator content_generator.py:163 _generate_content_from_prompt() - Content used banned terms instant on attempt 2/3
2026-05-02 06:10:06,808 INFO blog_generator page_generator.py:118 generate_page() - Page generated successfully for keyword 'contact the author' with 980 words and 3 image placeholders on attempt 2/3
2026-05-02 06:27:08,951 ERROR blog_generator page_controller.py:67 page_generator() - page_generator action failed
Traceback (most recent call last):
  File "/Users/lanie/Sites/Backend/Blog generator/app/controllers/page_controller.py", line 58, in page_generator
    record_page(
    ~~~~~~~~~~~^
        brand=state["brand"],
        ^^^^^^^^^^^^^^^^^^^^^
    ...<4 lines>...
        expectations=state["expectations"],
        ^^^^^^^^^^^^^^^^^^^^^^^^^^^^^^^^^^^
    )
    ^
  File "/Users/lanie/Sites/Backend/Blog generator/database/pages.py", line 148, in record_page
    keyword_record = get_or_create_keyword(keyword_value)
  File "/Users/lanie/Sites/Backend/Blog generator/database/keywords.py", line 20, in get_or_create_keyword
    cursor = connection.execute(
        "INSERT INTO keywords (keyword, normalized_keyword) VALUES (?, ?)",
        (keyword_value, normalized),
    )
sqlite3.OperationalError: database is locked
2026-05-02 08:55:43,552 WARNING blog_generator content_generator.py:163 _generate_content_from_prompt() - Content used banned terms instant on attempt 3/3
2026-05-02 08:55:43,553 ERROR blog_generator backlink_blog_controller.py:218 _handle_generate_content() - backlink generate_content action failed
Traceback (most recent call last):
  File "/Users/lanie/Sites/Backend/Blog generator/app/controllers/backlink_blog_controller.py", line 191, in _handle_generate_content
    state["content"] = generate_backlink_content(
                       ~~~~~~~~~~~~~~~~~~~~~~~~~^
        provider,
        ^^^^^^^^^
    ...<8 lines>...
        **backlink_context,
        ^^^^^^^^^^^^^^^^^^^
    )
    ^
  File "/Users/lanie/Sites/Backend/Blog generator/generators/content_generator.py", line 367, in generate_backlink_content
    content = _generate_content_from_prompt(
        provider,
    ...<3 lines>...
        validator=validator,
    )
  File "/Users/lanie/Sites/Backend/Blog generator/generators/content_generator.py", line 220, in _generate_content_from_prompt
    raise ValueError(
    ...<2 lines>...
    )
ValueError: Generated article could not satisfy the rules after 3 attempts. Last attempt was 764 words.
2026-05-02 09:17:58,150 WARNING blog_generator content_generator.py:172 _generate_content_from_prompt() - Content word count is 756 (minimum: 900) on attempt 1/3. Raw response length: 5960 chars
2026-05-02 09:19:08,845 WARNING blog_generator content_generator.py:172 _generate_content_from_prompt() - Content word count is 756 (minimum: 900) on attempt 2/3. Raw response length: 5809 chars
2026-05-02 09:20:33,110 WARNING blog_generator content_generator.py:198 _generate_content_from_prompt() - Content validation failed on attempt 3/3: The required brand URL must be inserted inside the first paragraph and must not be placed later in the article.
2026-05-02 09:20:33,110 ERROR blog_generator backlink_blog_controller.py:218 _handle_generate_content() - backlink generate_content action failed
Traceback (most recent call last):
  File "/Users/lanie/Sites/Backend/Blog generator/app/controllers/backlink_blog_controller.py", line 191, in _handle_generate_content
    state["content"] = generate_backlink_content(
                       ~~~~~~~~~~~~~~~~~~~~~~~~~^
        provider,
        ^^^^^^^^^
    ...<8 lines>...
        **backlink_context,
        ^^^^^^^^^^^^^^^^^^^
    )
    ^
  File "/Users/lanie/Sites/Backend/Blog generator/generators/content_generator.py", line 367, in generate_backlink_content
    content = _generate_content_from_prompt(
        provider,
    ...<3 lines>...
        validator=validator,
    )
  File "/Users/lanie/Sites/Backend/Blog generator/generators/content_generator.py", line 220, in _generate_content_from_prompt
    raise ValueError(
    ...<2 lines>...
    )
ValueError: Generated article could not satisfy the rules after 3 attempts. Last attempt was 908 words.
2026-05-02 09:24:52,487 WARNING blog_generator content_generator.py:172 _generate_content_from_prompt() - Content word count is 569 (minimum: 1000) on attempt 1/3. Raw response length: 4451 chars
2026-05-02 09:27:46,329 WARNING blog_generator content_generator.py:172 _generate_content_from_prompt() - Content word count is 533 (minimum: 800) on attempt 1/3. Raw response length: 3912 chars
2026-05-02 09:28:44,256 WARNING blog_generator content_generator.py:172 _generate_content_from_prompt() - Content word count is 776 (minimum: 1000) on attempt 2/3. Raw response length: 5454 chars
2026-05-02 09:29:43,191 WARNING blog_generator content_generator.py:172 _generate_content_from_prompt() - Content word count is 697 (minimum: 900) on attempt 1/3. Raw response length: 5493 chars
2026-05-02 09:32:29,112 WARNING blog_generator content_generator.py:172 _generate_content_from_prompt() - Content word count is 633 (minimum: 800) on attempt 2/3. Raw response length: 4688 chars
2026-05-02 09:34:09,776 INFO blog_generator content_generator.py:206 _generate_content_from_prompt() - Content generated successfully with 1451 words on attempt 3/3
2026-05-02 09:34:14,997 ERROR blog_generator backlink_blog_controller.py:218 _handle_generate_content() - backlink generate_content action failed
Traceback (most recent call last):
  File "/Users/lanie/Sites/Backend/Blog generator/app/controllers/backlink_blog_controller.py", line 210, in _handle_generate_content
    record_blog(
    ~~~~~~~~~~~^
        brand=state["brand"],
        ^^^^^^^^^^^^^^^^^^^^^
    ...<2 lines>...
        supporting_keyword="",
        ^^^^^^^^^^^^^^^^^^^^^^
    )
    ^
  File "/Users/lanie/Sites/Backend/Blog generator/database/pages.py", line 103, in record_blog
    keyword_record = get_or_create_keyword(keyword_value)
  File "/Users/lanie/Sites/Backend/Blog generator/database/keywords.py", line 20, in get_or_create_keyword
    cursor = connection.execute(
        "INSERT INTO keywords (keyword, normalized_keyword) VALUES (?, ?)",
        (keyword_value, normalized),
    )
sqlite3.OperationalError: database is locked
2026-05-02 09:35:12,807 WARNING blog_generator content_generator.py:172 _generate_content_from_prompt() - Content word count is 760 (minimum: 900) on attempt 2/3. Raw response length: 5773 chars
2026-05-02 09:37:29,725 WARNING blog_generator content_generator.py:172 _generate_content_from_prompt() - Content word count is 723 (minimum: 800) on attempt 3/3. Raw response length: 5249 chars
2026-05-02 09:37:29,726 ERROR blog_generator backlink_blog_controller.py:218 _handle_generate_content() - backlink generate_content action failed
Traceback (most recent call last):
  File "/Users/lanie/Sites/Backend/Blog generator/app/controllers/backlink_blog_controller.py", line 191, in _handle_generate_content
    state["content"] = generate_backlink_content(
                       ~~~~~~~~~~~~~~~~~~~~~~~~~^
        provider,
        ^^^^^^^^^
    ...<8 lines>...
        **backlink_context,
        ^^^^^^^^^^^^^^^^^^^
    )
    ^
  File "/Users/lanie/Sites/Backend/Blog generator/generators/content_generator.py", line 367, in generate_backlink_content
    content = _generate_content_from_prompt(
        provider,
    ...<3 lines>...
        validator=validator,
    )
  File "/Users/lanie/Sites/Backend/Blog generator/generators/content_generator.py", line 220, in _generate_content_from_prompt
    raise ValueError(
    ...<2 lines>...
    )
ValueError: Generated article could not satisfy the rules after 3 attempts. Last attempt was 723 words.
2026-05-02 09:38:26,326 WARNING blog_generator content_generator.py:172 _generate_content_from_prompt() - Content word count is 695 (minimum: 900) on attempt 3/3. Raw response length: 5423 chars
2026-05-02 09:38:26,327 ERROR blog_generator backlink_blog_controller.py:218 _handle_generate_content() - backlink generate_content action failed
Traceback (most recent call last):
  File "/Users/lanie/Sites/Backend/Blog generator/app/controllers/backlink_blog_controller.py", line 191, in _handle_generate_content
    state["content"] = generate_backlink_content(
                       ~~~~~~~~~~~~~~~~~~~~~~~~~^
        provider,
        ^^^^^^^^^
    ...<8 lines>...
        **backlink_context,
        ^^^^^^^^^^^^^^^^^^^
    )
    ^
  File "/Users/lanie/Sites/Backend/Blog generator/generators/content_generator.py", line 367, in generate_backlink_content
    content = _generate_content_from_prompt(
        provider,
    ...<3 lines>...
        validator=validator,
    )
  File "/Users/lanie/Sites/Backend/Blog generator/generators/content_generator.py", line 220, in _generate_content_from_prompt
    raise ValueError(
    ...<2 lines>...
    )
ValueError: Generated article could not satisfy the rules after 3 attempts. Last attempt was 695 words.
2026-05-02 10:18:18,319 WARNING blog_generator content_generator.py:172 _generate_content_from_prompt() - Content word count is 747 (minimum: 900) on attempt 1/3. Raw response length: 6068 chars
2026-05-02 10:19:42,733 WARNING blog_generator content_generator.py:172 _generate_content_from_prompt() - Content word count is 776 (minimum: 900) on attempt 2/3. Raw response length: 6214 chars
2026-05-02 10:20:53,697 WARNING blog_generator content_generator.py:172 _generate_content_from_prompt() - Content word count is 514 (minimum: 900) on attempt 3/3. Raw response length: 4105 chars
2026-05-02 10:20:53,697 ERROR blog_generator backlink_blog_controller.py:218 _handle_generate_content() - backlink generate_content action failed
Traceback (most recent call last):
  File "/Users/lanie/Sites/Backend/Blog generator/app/controllers/backlink_blog_controller.py", line 191, in _handle_generate_content
    state["content"] = generate_backlink_content(
                       ~~~~~~~~~~~~~~~~~~~~~~~~~^
        provider,
        ^^^^^^^^^
    ...<8 lines>...
        **backlink_context,
        ^^^^^^^^^^^^^^^^^^^
    )
    ^
  File "/Users/lanie/Sites/Backend/Blog generator/generators/content_generator.py", line 367, in generate_backlink_content
    content = _generate_content_from_prompt(
        provider,
    ...<3 lines>...
        validator=validator,
    )
  File "/Users/lanie/Sites/Backend/Blog generator/generators/content_generator.py", line 220, in _generate_content_from_prompt
    raise ValueError(
    ...<2 lines>...
    )
ValueError: Generated article could not satisfy the rules after 3 attempts. Last attempt was 514 words.
2026-05-02 10:33:19,178 WARNING blog_generator content_generator.py:172 _generate_content_from_prompt() - Content word count is 580 (minimum: 900) on attempt 1/3. Raw response length: 4707 chars
2026-05-02 10:34:51,199 WARNING blog_generator content_generator.py:172 _generate_content_from_prompt() - Content word count is 777 (minimum: 900) on attempt 2/3. Raw response length: 6041 chars
2026-05-02 10:35:49,230 WARNING blog_generator content_generator.py:172 _generate_content_from_prompt() - Content word count is 602 (minimum: 900) on attempt 3/3. Raw response length: 4847 chars
2026-05-02 10:35:49,232 ERROR blog_generator backlink_blog_controller.py:218 _handle_generate_content() - backlink generate_content action failed
Traceback (most recent call last):
  File "/Users/lanie/Sites/Backend/Blog generator/app/controllers/backlink_blog_controller.py", line 191, in _handle_generate_content
    state["content"] = generate_backlink_content(
                       ~~~~~~~~~~~~~~~~~~~~~~~~~^
        provider,
        ^^^^^^^^^
    ...<8 lines>...
        **backlink_context,
        ^^^^^^^^^^^^^^^^^^^
    )
    ^
  File "/Users/lanie/Sites/Backend/Blog generator/generators/content_generator.py", line 367, in generate_backlink_content
    content = _generate_content_from_prompt(
        provider,
    ...<3 lines>...
        validator=validator,
    )
  File "/Users/lanie/Sites/Backend/Blog generator/generators/content_generator.py", line 220, in _generate_content_from_prompt
    raise ValueError(
    ...<2 lines>...
    )
ValueError: Generated article could not satisfy the rules after 3 attempts. Last attempt was 602 words.
2026-05-02 10:41:13,381 WARNING blog_generator content_generator.py:172 _generate_content_from_prompt() - Content word count is 457 (minimum: 900) on attempt 1/3. Raw response length: 3741 chars
2026-05-02 10:44:48,091 WARNING blog_generator content_generator.py:184 _generate_content_from_prompt() - Content word count is 1065 (maximum: 1000) on attempt 2/3. Raw response length: 8057 chars
2026-05-02 10:46:25,941 WARNING blog_generator content_generator.py:163 _generate_content_from_prompt() - Content used banned terms instant on attempt 1/3
2026-05-02 10:48:21,720 INFO blog_generator content_generator.py:206 _generate_content_from_prompt() - Content generated successfully with 1227 words on attempt 1/3
2026-05-02 10:48:26,949 ERROR blog_generator backlink_blog_controller.py:218 _handle_generate_content() - backlink generate_content action failed
Traceback (most recent call last):
  File "/Users/lanie/Sites/Backend/Blog generator/app/controllers/backlink_blog_controller.py", line 210, in _handle_generate_content
    record_blog(
    ~~~~~~~~~~~^
        brand=state["brand"],
        ^^^^^^^^^^^^^^^^^^^^^
    ...<2 lines>...
        supporting_keyword="",
        ^^^^^^^^^^^^^^^^^^^^^^
    )
    ^
  File "/Users/lanie/Sites/Backend/Blog generator/database/pages.py", line 103, in record_blog
    keyword_record = get_or_create_keyword(keyword_value)
  File "/Users/lanie/Sites/Backend/Blog generator/database/keywords.py", line 20, in get_or_create_keyword
    cursor = connection.execute(
        "INSERT INTO keywords (keyword, normalized_keyword) VALUES (?, ?)",
        (keyword_value, normalized),
    )
sqlite3.OperationalError: database is locked
2026-05-02 10:50:03,237 WARNING blog_generator content_generator.py:163 _generate_content_from_prompt() - Content used banned terms exploit on attempt 3/3
2026-05-02 10:50:03,239 ERROR blog_generator backlink_blog_controller.py:218 _handle_generate_content() - backlink generate_content action failed
Traceback (most recent call last):
  File "/Users/lanie/Sites/Backend/Blog generator/app/controllers/backlink_blog_controller.py", line 191, in _handle_generate_content
    state["content"] = generate_backlink_content(
                       ~~~~~~~~~~~~~~~~~~~~~~~~~^
        provider,
        ^^^^^^^^^
    ...<8 lines>...
        **backlink_context,
        ^^^^^^^^^^^^^^^^^^^
    )
    ^
  File "/Users/lanie/Sites/Backend/Blog generator/generators/content_generator.py", line 367, in generate_backlink_content
    content = _generate_content_from_prompt(
        provider,
    ...<3 lines>...
        validator=validator,
    )
  File "/Users/lanie/Sites/Backend/Blog generator/generators/content_generator.py", line 220, in _generate_content_from_prompt
    raise ValueError(
    ...<2 lines>...
    )
ValueError: Generated article could not satisfy the rules after 3 attempts. Last attempt was 735 words.
2026-05-02 10:51:13,877 INFO blog_generator content_generator.py:206 _generate_content_from_prompt() - Content generated successfully with 895 words on attempt 2/3
2026-05-02 10:51:19,098 ERROR blog_generator backlink_blog_controller.py:218 _handle_generate_content() - backlink generate_content action failed
Traceback (most recent call last):
  File "/Users/lanie/Sites/Backend/Blog generator/app/controllers/backlink_blog_controller.py", line 210, in _handle_generate_content
    record_blog(
    ~~~~~~~~~~~^
        brand=state["brand"],
        ^^^^^^^^^^^^^^^^^^^^^
    ...<2 lines>...
        supporting_keyword="",
        ^^^^^^^^^^^^^^^^^^^^^^
    )
    ^
  File "/Users/lanie/Sites/Backend/Blog generator/database/pages.py", line 103, in record_blog
    keyword_record = get_or_create_keyword(keyword_value)
  File "/Users/lanie/Sites/Backend/Blog generator/database/keywords.py", line 20, in get_or_create_keyword
    cursor = connection.execute(
        "INSERT INTO keywords (keyword, normalized_keyword) VALUES (?, ?)",
        (keyword_value, normalized),
    )
sqlite3.OperationalError: database is locked
2026-05-02 10:54:26,371 WARNING blog_generator content_generator.py:172 _generate_content_from_prompt() - Content word count is 625 (minimum: 900) on attempt 1/3. Raw response length: 4740 chars
2026-05-02 10:56:05,095 WARNING blog_generator content_generator.py:172 _generate_content_from_prompt() - Content word count is 872 (minimum: 900) on attempt 2/3. Raw response length: 6439 chars
2026-05-02 10:57:47,936 WARNING blog_generator content_generator.py:172 _generate_content_from_prompt() - Content word count is 715 (minimum: 900) on attempt 3/3. Raw response length: 5614 chars
2026-05-02 10:57:47,937 ERROR blog_generator backlink_blog_controller.py:218 _handle_generate_content() - backlink generate_content action failed
Traceback (most recent call last):
  File "/Users/lanie/Sites/Backend/Blog generator/app/controllers/backlink_blog_controller.py", line 191, in _handle_generate_content
    state["content"] = generate_backlink_content(
                       ~~~~~~~~~~~~~~~~~~~~~~~~~^
        provider,
        ^^^^^^^^^
    ...<8 lines>...
        **backlink_context,
        ^^^^^^^^^^^^^^^^^^^
    )
    ^
  File "/Users/lanie/Sites/Backend/Blog generator/generators/content_generator.py", line 367, in generate_backlink_content
    content = _generate_content_from_prompt(
        provider,
    ...<3 lines>...
        validator=validator,
    )
  File "/Users/lanie/Sites/Backend/Blog generator/generators/content_generator.py", line 220, in _generate_content_from_prompt
    raise ValueError(
    ...<2 lines>...
    )
ValueError: Generated article could not satisfy the rules after 3 attempts. Last attempt was 715 words.
2026-05-02 10:59:36,338 WARNING blog_generator content_generator.py:172 _generate_content_from_prompt() - Content word count is 676 (minimum: 800) on attempt 1/3. Raw response length: 5538 chars
2026-05-02 11:00:57,268 WARNING blog_generator content_generator.py:172 _generate_content_from_prompt() - Content word count is 776 (minimum: 800) on attempt 2/3. Raw response length: 6375 chars
2026-05-02 11:02:40,659 WARNING blog_generator content_generator.py:184 _generate_content_from_prompt() - Content word count is 1051 (maximum: 1000) on attempt 3/3. Raw response length: 8695 chars
2026-05-02 11:02:40,660 ERROR blog_generator backlink_blog_controller.py:218 _handle_generate_content() - backlink generate_content action failed
Traceback (most recent call last):
  File "/Users/lanie/Sites/Backend/Blog generator/app/controllers/backlink_blog_controller.py", line 191, in _handle_generate_content
    state["content"] = generate_backlink_content(
                       ~~~~~~~~~~~~~~~~~~~~~~~~~^
        provider,
        ^^^^^^^^^
    ...<8 lines>...
        **backlink_context,
        ^^^^^^^^^^^^^^^^^^^
    )
    ^
  File "/Users/lanie/Sites/Backend/Blog generator/generators/content_generator.py", line 367, in generate_backlink_content
    content = _generate_content_from_prompt(
        provider,
    ...<3 lines>...
        validator=validator,
    )
  File "/Users/lanie/Sites/Backend/Blog generator/generators/content_generator.py", line 220, in _generate_content_from_prompt
    raise ValueError(
    ...<2 lines>...
    )
ValueError: Generated article could not satisfy the rules after 3 attempts. Last attempt was 1051 words.
2026-05-02 11:39:55,073 WARNING blog_generator content_generator.py:172 _generate_content_from_prompt() - Content word count is 608 (minimum: 800) on attempt 1/3. Raw response length: 4797 chars
2026-05-02 11:40:56,428 WARNING blog_generator content_generator.py:172 _generate_content_from_prompt() - Content word count is 608 (minimum: 800) on attempt 1/3. Raw response length: 4842 chars
2026-05-02 11:43:52,109 WARNING blog_generator content_generator.py:163 _generate_content_from_prompt() - Content used banned terms fixed on attempt 2/3
2026-05-02 11:44:48,462 WARNING blog_generator content_generator.py:172 _generate_content_from_prompt() - Content word count is 565 (minimum: 800) on attempt 2/3. Raw response length: 4382 chars
2026-05-02 11:47:26,586 INFO blog_generator content_generator.py:206 _generate_content_from_prompt() - Content generated successfully with 804 words on attempt 3/3
2026-05-02 11:47:31,819 ERROR blog_generator backlink_blog_controller.py:218 _handle_generate_content() - backlink generate_content action failed
Traceback (most recent call last):
  File "/Users/lanie/Sites/Backend/Blog generator/app/controllers/backlink_blog_controller.py", line 210, in _handle_generate_content
    record_blog(
    ~~~~~~~~~~~^
        brand=state["brand"],
        ^^^^^^^^^^^^^^^^^^^^^
    ...<2 lines>...
        supporting_keyword="",
        ^^^^^^^^^^^^^^^^^^^^^^
    )
    ^
  File "/Users/lanie/Sites/Backend/Blog generator/database/pages.py", line 103, in record_blog
    keyword_record = get_or_create_keyword(keyword_value)
  File "/Users/lanie/Sites/Backend/Blog generator/database/keywords.py", line 20, in get_or_create_keyword
    cursor = connection.execute(
        "INSERT INTO keywords (keyword, normalized_keyword) VALUES (?, ?)",
        (keyword_value, normalized),
    )
sqlite3.OperationalError: database is locked
2026-05-02 11:48:45,125 WARNING blog_generator content_generator.py:184 _generate_content_from_prompt() - Content word count is 1009 (maximum: 1000) on attempt 3/3. Raw response length: 7393 chars
2026-05-02 11:48:45,126 ERROR blog_generator backlink_blog_controller.py:218 _handle_generate_content() - backlink generate_content action failed
Traceback (most recent call last):
  File "/Users/lanie/Sites/Backend/Blog generator/app/controllers/backlink_blog_controller.py", line 191, in _handle_generate_content
    state["content"] = generate_backlink_content(
                       ~~~~~~~~~~~~~~~~~~~~~~~~~^
        provider,
        ^^^^^^^^^
    ...<8 lines>...
        **backlink_context,
        ^^^^^^^^^^^^^^^^^^^
    )
    ^
  File "/Users/lanie/Sites/Backend/Blog generator/generators/content_generator.py", line 367, in generate_backlink_content
    content = _generate_content_from_prompt(
        provider,
    ...<3 lines>...
        validator=validator,
    )
  File "/Users/lanie/Sites/Backend/Blog generator/generators/content_generator.py", line 220, in _generate_content_from_prompt
    raise ValueError(
    ...<2 lines>...
    )
ValueError: Generated article could not satisfy the rules after 3 attempts. Last attempt was 1009 words.
2026-05-02 15:26:01,100 WARNING blog_generator content_generator.py:172 _generate_content_from_prompt() - Content word count is 563 (minimum: 800) on attempt 1/3. Raw response length: 4572 chars
2026-05-02 15:26:57,225 WARNING blog_generator content_generator.py:172 _generate_content_from_prompt() - Content word count is 616 (minimum: 800) on attempt 1/3. Raw response length: 4335 chars
2026-05-02 15:29:45,370 WARNING blog_generator content_generator.py:198 _generate_content_from_prompt() - Content validation failed on attempt 2/3: The required brand URL must be inserted inside the first paragraph and must not be placed later in the article.
2026-05-02 15:30:57,914 INFO blog_generator content_generator.py:206 _generate_content_from_prompt() - Content generated successfully with 827 words on attempt 2/3
2026-05-02 15:31:03,148 ERROR blog_generator backlink_blog_controller.py:218 _handle_generate_content() - backlink generate_content action failed
Traceback (most recent call last):
  File "/Users/lanie/Sites/Backend/Blog generator/app/controllers/backlink_blog_controller.py", line 210, in _handle_generate_content
    record_blog(
    ~~~~~~~~~~~^
        brand=state["brand"],
        ^^^^^^^^^^^^^^^^^^^^^
    ...<2 lines>...
        supporting_keyword="",
        ^^^^^^^^^^^^^^^^^^^^^^
    )
    ^
  File "/Users/lanie/Sites/Backend/Blog generator/database/pages.py", line 103, in record_blog
    keyword_record = get_or_create_keyword(keyword_value)
  File "/Users/lanie/Sites/Backend/Blog generator/database/keywords.py", line 20, in get_or_create_keyword
    cursor = connection.execute(
        "INSERT INTO keywords (keyword, normalized_keyword) VALUES (?, ?)",
        (keyword_value, normalized),
    )
sqlite3.OperationalError: database is locked
2026-05-02 15:33:26,420 WARNING blog_generator content_generator.py:163 _generate_content_from_prompt() - Content used banned terms cheat on attempt 3/3
2026-05-02 15:33:26,421 ERROR blog_generator backlink_blog_controller.py:218 _handle_generate_content() - backlink generate_content action failed
Traceback (most recent call last):
  File "/Users/lanie/Sites/Backend/Blog generator/app/controllers/backlink_blog_controller.py", line 191, in _handle_generate_content
    state["content"] = generate_backlink_content(
                       ~~~~~~~~~~~~~~~~~~~~~~~~~^
        provider,
        ^^^^^^^^^
    ...<8 lines>...
        **backlink_context,
        ^^^^^^^^^^^^^^^^^^^
    )
    ^
  File "/Users/lanie/Sites/Backend/Blog generator/generators/content_generator.py", line 367, in generate_backlink_content
    content = _generate_content_from_prompt(
        provider,
    ...<3 lines>...
        validator=validator,
    )
  File "/Users/lanie/Sites/Backend/Blog generator/generators/content_generator.py", line 220, in _generate_content_from_prompt
    raise ValueError(
    ...<2 lines>...
    )
ValueError: Generated article could not satisfy the rules after 3 attempts. Last attempt was 1035 words.
2026-05-02 16:13:36,712 WARNING blog_generator content_generator.py:172 _generate_content_from_prompt() - Content word count is 493 (minimum: 800) on attempt 1/3. Raw response length: 4063 chars
2026-05-02 16:14:51,159 WARNING blog_generator content_generator.py:172 _generate_content_from_prompt() - Content word count is 668 (minimum: 800) on attempt 2/3. Raw response length: 5306 chars
2026-05-02 16:16:27,718 WARNING blog_generator content_generator.py:172 _generate_content_from_prompt() - Content word count is 752 (minimum: 800) on attempt 3/3. Raw response length: 5905 chars
2026-05-02 16:16:27,720 ERROR blog_generator backlink_blog_controller.py:218 _handle_generate_content() - backlink generate_content action failed
Traceback (most recent call last):
  File "/Users/lanie/Sites/Backend/Blog generator/app/controllers/backlink_blog_controller.py", line 191, in _handle_generate_content
    state["content"] = generate_backlink_content(
                       ~~~~~~~~~~~~~~~~~~~~~~~~~^
        provider,
        ^^^^^^^^^
    ...<8 lines>...
        **backlink_context,
        ^^^^^^^^^^^^^^^^^^^
    )
    ^
  File "/Users/lanie/Sites/Backend/Blog generator/generators/content_generator.py", line 367, in generate_backlink_content
    content = _generate_content_from_prompt(
        provider,
    ...<3 lines>...
        validator=validator,
    )
  File "/Users/lanie/Sites/Backend/Blog generator/generators/content_generator.py", line 220, in _generate_content_from_prompt
    raise ValueError(
    ...<2 lines>...
    )
ValueError: Generated article could not satisfy the rules after 3 attempts. Last attempt was 752 words.
2026-05-02 16:34:38,388 WARNING blog_generator content_generator.py:172 _generate_content_from_prompt() - Content word count is 347 (minimum: 800) on attempt 1/3. Raw response length: 2751 chars
2026-05-02 16:35:58,058 INFO blog_generator content_generator.py:206 _generate_content_from_prompt() - Content generated successfully with 807 words on attempt 2/3
2026-05-02 16:36:03,300 ERROR blog_generator backlink_blog_controller.py:218 _handle_generate_content() - backlink generate_content action failed
Traceback (most recent call last):
  File "/Users/lanie/Sites/Backend/Blog generator/app/controllers/backlink_blog_controller.py", line 210, in _handle_generate_content
    record_blog(
    ~~~~~~~~~~~^
        brand=state["brand"],
        ^^^^^^^^^^^^^^^^^^^^^
    ...<2 lines>...
        supporting_keyword="",
        ^^^^^^^^^^^^^^^^^^^^^^
    )
    ^
  File "/Users/lanie/Sites/Backend/Blog generator/database/pages.py", line 103, in record_blog
    keyword_record = get_or_create_keyword(keyword_value)
  File "/Users/lanie/Sites/Backend/Blog generator/database/keywords.py", line 20, in get_or_create_keyword
    cursor = connection.execute(
        "INSERT INTO keywords (keyword, normalized_keyword) VALUES (?, ?)",
        (keyword_value, normalized),
    )
sqlite3.OperationalError: database is locked
2026-05-02 17:05:54,315 WARNING blog_generator content_generator.py:172 _generate_content_from_prompt() - Content word count is 551 (minimum: 800) on attempt 1/3. Raw response length: 4006 chars
2026-05-02 17:08:04,391 WARNING blog_generator content_generator.py:172 _generate_content_from_prompt() - Content word count is 687 (minimum: 800) on attempt 2/3. Raw response length: 4670 chars
2026-05-02 17:08:58,984 WARNING blog_generator content_generator.py:172 _generate_content_from_prompt() - Content word count is 713 (minimum: 800) on attempt 1/3. Raw response length: 5289 chars
2026-05-02 17:11:19,157 WARNING blog_generator content_generator.py:198 _generate_content_from_prompt() - Content validation failed on attempt 3/3: The required brand URL must be inserted inside the first paragraph and must not be placed later in the article.
2026-05-02 17:11:19,159 ERROR blog_generator backlink_blog_controller.py:218 _handle_generate_content() - backlink generate_content action failed
Traceback (most recent call last):
  File "/Users/lanie/Sites/Backend/Blog generator/app/controllers/backlink_blog_controller.py", line 191, in _handle_generate_content
    state["content"] = generate_backlink_content(
                       ~~~~~~~~~~~~~~~~~~~~~~~~~^
        provider,
        ^^^^^^^^^
    ...<8 lines>...
        **backlink_context,
        ^^^^^^^^^^^^^^^^^^^
    )
    ^
  File "/Users/lanie/Sites/Backend/Blog generator/generators/content_generator.py", line 367, in generate_backlink_content
    content = _generate_content_from_prompt(
        provider,
    ...<3 lines>...
        validator=validator,
    )
  File "/Users/lanie/Sites/Backend/Blog generator/generators/content_generator.py", line 220, in _generate_content_from_prompt
    raise ValueError(
    ...<2 lines>...
    )
ValueError: Generated article could not satisfy the rules after 3 attempts. Last attempt was 922 words.
2026-05-02 17:12:14,588 WARNING blog_generator content_generator.py:172 _generate_content_from_prompt() - Content word count is 633 (minimum: 800) on attempt 2/3. Raw response length: 5193 chars
2026-05-02 17:13:51,166 WARNING blog_generator content_generator.py:172 _generate_content_from_prompt() - Content word count is 657 (minimum: 800) on attempt 3/3. Raw response length: 4696 chars
2026-05-02 17:13:51,167 ERROR blog_generator backlink_blog_controller.py:218 _handle_generate_content() - backlink generate_content action failed
Traceback (most recent call last):
  File "/Users/lanie/Sites/Backend/Blog generator/app/controllers/backlink_blog_controller.py", line 191, in _handle_generate_content
    state["content"] = generate_backlink_content(
                       ~~~~~~~~~~~~~~~~~~~~~~~~~^
        provider,
        ^^^^^^^^^
    ...<8 lines>...
        **backlink_context,
        ^^^^^^^^^^^^^^^^^^^
    )
    ^
  File "/Users/lanie/Sites/Backend/Blog generator/generators/content_generator.py", line 367, in generate_backlink_content
    content = _generate_content_from_prompt(
        provider,
    ...<3 lines>...
        validator=validator,
    )
  File "/Users/lanie/Sites/Backend/Blog generator/generators/content_generator.py", line 220, in _generate_content_from_prompt
    raise ValueError(
    ...<2 lines>...
    )
ValueError: Generated article could not satisfy the rules after 3 attempts. Last attempt was 657 words.
2026-05-02 17:21:45,764 WARNING blog_generator content_generator.py:172 _generate_content_from_prompt() - Content word count is 718 (minimum: 800) on attempt 1/3. Raw response length: 5766 chars
2026-05-02 17:23:16,914 WARNING blog_generator content_generator.py:172 _generate_content_from_prompt() - Content word count is 418 (minimum: 800) on attempt 1/3. Raw response length: 3695 chars
2026-05-02 17:24:36,392 WARNING blog_generator content_generator.py:163 _generate_content_from_prompt() - Content used banned terms instant on attempt 1/3
2026-05-02 17:26:11,065 WARNING blog_generator content_generator.py:172 _generate_content_from_prompt() - Content word count is 551 (minimum: 800) on attempt 2/3. Raw response length: 4284 chars
2026-05-02 17:27:43,472 WARNING blog_generator content_generator.py:172 _generate_content_from_prompt() - Content word count is 583 (minimum: 800) on attempt 2/3. Raw response length: 5679 chars
2026-05-02 17:29:10,237 WARNING blog_generator content_generator.py:163 _generate_content_from_prompt() - Content used banned terms guaranteed on attempt 2/3
2026-05-02 17:30:39,070 WARNING blog_generator content_generator.py:172 _generate_content_from_prompt() - Content word count is 620 (minimum: 800) on attempt 3/3. Raw response length: 4896 chars
2026-05-02 17:30:39,071 ERROR blog_generator backlink_blog_controller.py:218 _handle_generate_content() - backlink generate_content action failed
Traceback (most recent call last):
  File "/Users/lanie/Sites/Backend/Blog generator/app/controllers/backlink_blog_controller.py", line 191, in _handle_generate_content
    state["content"] = generate_backlink_content(
                       ~~~~~~~~~~~~~~~~~~~~~~~~~^
        provider,
        ^^^^^^^^^
    ...<8 lines>...
        **backlink_context,
        ^^^^^^^^^^^^^^^^^^^
    )
    ^
  File "/Users/lanie/Sites/Backend/Blog generator/generators/content_generator.py", line 367, in generate_backlink_content
    content = _generate_content_from_prompt(
        provider,
    ...<3 lines>...
        validator=validator,
    )
  File "/Users/lanie/Sites/Backend/Blog generator/generators/content_generator.py", line 220, in _generate_content_from_prompt
    raise ValueError(
    ...<2 lines>...
    )
ValueError: Generated article could not satisfy the rules after 3 attempts. Last attempt was 620 words.
2026-05-02 17:32:10,112 WARNING blog_generator content_generator.py:172 _generate_content_from_prompt() - Content word count is 631 (minimum: 800) on attempt 3/3. Raw response length: 4952 chars
2026-05-02 17:32:10,113 ERROR blog_generator backlink_blog_controller.py:218 _handle_generate_content() - backlink generate_content action failed
Traceback (most recent call last):
  File "/Users/lanie/Sites/Backend/Blog generator/app/controllers/backlink_blog_controller.py", line 191, in _handle_generate_content
    state["content"] = generate_backlink_content(
                       ~~~~~~~~~~~~~~~~~~~~~~~~~^
        provider,
        ^^^^^^^^^
    ...<8 lines>...
        **backlink_context,
        ^^^^^^^^^^^^^^^^^^^
    )
    ^
  File "/Users/lanie/Sites/Backend/Blog generator/generators/content_generator.py", line 367, in generate_backlink_content
    content = _generate_content_from_prompt(
        provider,
    ...<3 lines>...
        validator=validator,
    )
  File "/Users/lanie/Sites/Backend/Blog generator/generators/content_generator.py", line 220, in _generate_content_from_prompt
    raise ValueError(
    ...<2 lines>...
    )
ValueError: Generated article could not satisfy the rules after 3 attempts. Last attempt was 631 words.
2026-05-02 17:33:18,938 WARNING blog_generator content_generator.py:163 _generate_content_from_prompt() - Content used banned terms instant on attempt 3/3
2026-05-02 17:33:18,939 ERROR blog_generator backlink_blog_controller.py:218 _handle_generate_content() - backlink generate_content action failed
Traceback (most recent call last):
  File "/Users/lanie/Sites/Backend/Blog generator/app/controllers/backlink_blog_controller.py", line 191, in _handle_generate_content
    state["content"] = generate_backlink_content(
                       ~~~~~~~~~~~~~~~~~~~~~~~~~^
        provider,
        ^^^^^^^^^
    ...<8 lines>...
        **backlink_context,
        ^^^^^^^^^^^^^^^^^^^
    )
    ^
  File "/Users/lanie/Sites/Backend/Blog generator/generators/content_generator.py", line 367, in generate_backlink_content
    content = _generate_content_from_prompt(
        provider,
    ...<3 lines>...
        validator=validator,
    )
  File "/Users/lanie/Sites/Backend/Blog generator/generators/content_generator.py", line 220, in _generate_content_from_prompt
    raise ValueError(
    ...<2 lines>...
    )
ValueError: Generated article could not satisfy the rules after 3 attempts. Last attempt was 872 words.
2026-05-02 17:41:21,330 WARNING blog_generator content_generator.py:163 _generate_content_from_prompt() - Content used banned terms instant on attempt 1/3
2026-05-02 17:43:45,489 WARNING blog_generator content_generator.py:172 _generate_content_from_prompt() - Content word count is 656 (minimum: 800) on attempt 1/3. Raw response length: 4608 chars
2026-05-02 17:45:12,592 WARNING blog_generator content_generator.py:184 _generate_content_from_prompt() - Content word count is 1112 (maximum: 1000) on attempt 2/3. Raw response length: 8683 chars
2026-05-02 17:45:59,816 WARNING blog_generator content_generator.py:172 _generate_content_from_prompt() - Content word count is 575 (minimum: 800) on attempt 1/3. Raw response length: 4595 chars
2026-05-02 17:48:50,731 INFO blog_generator content_generator.py:206 _generate_content_from_prompt() - Content generated successfully with 842 words on attempt 2/3
2026-05-02 17:48:55,957 ERROR blog_generator backlink_blog_controller.py:218 _handle_generate_content() - backlink generate_content action failed
Traceback (most recent call last):
  File "/Users/lanie/Sites/Backend/Blog generator/app/controllers/backlink_blog_controller.py", line 210, in _handle_generate_content
    record_blog(
    ~~~~~~~~~~~^
        brand=state["brand"],
        ^^^^^^^^^^^^^^^^^^^^^
    ...<2 lines>...
        supporting_keyword="",
        ^^^^^^^^^^^^^^^^^^^^^^
    )
    ^
  File "/Users/lanie/Sites/Backend/Blog generator/database/pages.py", line 103, in record_blog
    keyword_record = get_or_create_keyword(keyword_value)
  File "/Users/lanie/Sites/Backend/Blog generator/database/keywords.py", line 20, in get_or_create_keyword
    cursor = connection.execute(
        "INSERT INTO keywords (keyword, normalized_keyword) VALUES (?, ?)",
        (keyword_value, normalized),
    )
sqlite3.OperationalError: database is locked
2026-05-02 17:49:44,784 WARNING blog_generator content_generator.py:172 _generate_content_from_prompt() - Content word count is 610 (minimum: 800) on attempt 3/3. Raw response length: 4818 chars
2026-05-02 17:49:44,785 ERROR blog_generator backlink_blog_controller.py:218 _handle_generate_content() - backlink generate_content action failed
Traceback (most recent call last):
  File "/Users/lanie/Sites/Backend/Blog generator/app/controllers/backlink_blog_controller.py", line 191, in _handle_generate_content
    state["content"] = generate_backlink_content(
                       ~~~~~~~~~~~~~~~~~~~~~~~~~^
        provider,
        ^^^^^^^^^
    ...<8 lines>...
        **backlink_context,
        ^^^^^^^^^^^^^^^^^^^
    )
    ^
  File "/Users/lanie/Sites/Backend/Blog generator/generators/content_generator.py", line 367, in generate_backlink_content
    content = _generate_content_from_prompt(
        provider,
    ...<3 lines>...
        validator=validator,
    )
  File "/Users/lanie/Sites/Backend/Blog generator/generators/content_generator.py", line 220, in _generate_content_from_prompt
    raise ValueError(
    ...<2 lines>...
    )
ValueError: Generated article could not satisfy the rules after 3 attempts. Last attempt was 610 words.
2026-05-02 17:50:45,350 WARNING blog_generator content_generator.py:172 _generate_content_from_prompt() - Content word count is 685 (minimum: 800) on attempt 2/3. Raw response length: 5429 chars
2026-05-02 17:51:30,634 WARNING blog_generator content_generator.py:172 _generate_content_from_prompt() - Content word count is 486 (minimum: 800) on attempt 3/3. Raw response length: 3918 chars
2026-05-02 17:51:30,636 ERROR blog_generator backlink_blog_controller.py:218 _handle_generate_content() - backlink generate_content action failed
Traceback (most recent call last):
  File "/Users/lanie/Sites/Backend/Blog generator/app/controllers/backlink_blog_controller.py", line 191, in _handle_generate_content
    state["content"] = generate_backlink_content(
                       ~~~~~~~~~~~~~~~~~~~~~~~~~^
        provider,
        ^^^^^^^^^
    ...<8 lines>...
        **backlink_context,
        ^^^^^^^^^^^^^^^^^^^
    )
    ^
  File "/Users/lanie/Sites/Backend/Blog generator/generators/content_generator.py", line 367, in generate_backlink_content
    content = _generate_content_from_prompt(
        provider,
    ...<3 lines>...
        validator=validator,
    )
  File "/Users/lanie/Sites/Backend/Blog generator/generators/content_generator.py", line 220, in _generate_content_from_prompt
    raise ValueError(
    ...<2 lines>...
    )
ValueError: Generated article could not satisfy the rules after 3 attempts. Last attempt was 486 words.
2026-05-05 09:15:33,292 WARNING blog_generator content_generator.py:172 _generate_content_from_prompt() - Content word count is 553 (minimum: 800) on attempt 1/3. Raw response length: 4689 chars
2026-05-05 09:17:52,133 WARNING blog_generator content_generator.py:172 _generate_content_from_prompt() - Content word count is 602 (minimum: 800) on attempt 2/3. Raw response length: 4509 chars
2026-05-05 09:21:00,878 WARNING blog_generator content_generator.py:172 _generate_content_from_prompt() - Content word count is 731 (minimum: 800) on attempt 3/3. Raw response length: 5396 chars
2026-05-05 09:21:00,879 ERROR blog_generator backlink_blog_controller.py:218 _handle_generate_content() - backlink generate_content action failed
Traceback (most recent call last):
  File "/Users/lanie/Sites/Backend/Blog generator/app/controllers/backlink_blog_controller.py", line 191, in _handle_generate_content
    state["content"] = generate_backlink_content(
                       ~~~~~~~~~~~~~~~~~~~~~~~~~^
        provider,
        ^^^^^^^^^
    ...<8 lines>...
        **backlink_context,
        ^^^^^^^^^^^^^^^^^^^
    )
    ^
  File "/Users/lanie/Sites/Backend/Blog generator/generators/content_generator.py", line 367, in generate_backlink_content
    content = _generate_content_from_prompt(
        provider,
    ...<3 lines>...
        validator=validator,
    )
  File "/Users/lanie/Sites/Backend/Blog generator/generators/content_generator.py", line 220, in _generate_content_from_prompt
    raise ValueError(
    ...<2 lines>...
    )
ValueError: Generated article could not satisfy the rules after 3 attempts. Last attempt was 731 words.
2026-05-05 09:21:45,757 WARNING blog_generator content_generator.py:172 _generate_content_from_prompt() - Content word count is 506 (minimum: 800) on attempt 1/3. Raw response length: 4157 chars
2026-05-05 09:23:22,816 WARNING blog_generator content_generator.py:172 _generate_content_from_prompt() - Content word count is 578 (minimum: 800) on attempt 2/3. Raw response length: 4487 chars
2026-05-05 09:25:36,598 WARNING blog_generator content_generator.py:172 _generate_content_from_prompt() - Content word count is 562 (minimum: 800) on attempt 3/3. Raw response length: 4556 chars
2026-05-05 09:25:36,599 ERROR blog_generator backlink_blog_controller.py:218 _handle_generate_content() - backlink generate_content action failed
Traceback (most recent call last):
  File "/Users/lanie/Sites/Backend/Blog generator/app/controllers/backlink_blog_controller.py", line 191, in _handle_generate_content
    state["content"] = generate_backlink_content(
                       ~~~~~~~~~~~~~~~~~~~~~~~~~^
        provider,
        ^^^^^^^^^
    ...<8 lines>...
        **backlink_context,
        ^^^^^^^^^^^^^^^^^^^
    )
    ^
  File "/Users/lanie/Sites/Backend/Blog generator/generators/content_generator.py", line 367, in generate_backlink_content
    content = _generate_content_from_prompt(
        provider,
    ...<3 lines>...
        validator=validator,
    )
  File "/Users/lanie/Sites/Backend/Blog generator/generators/content_generator.py", line 220, in _generate_content_from_prompt
    raise ValueError(
    ...<2 lines>...
    )
ValueError: Generated article could not satisfy the rules after 3 attempts. Last attempt was 562 words.
2026-05-05 09:26:40,495 WARNING blog_generator content_generator.py:172 _generate_content_from_prompt() - Content word count is 761 (minimum: 800) on attempt 1/3. Raw response length: 5825 chars
2026-05-05 09:28:18,869 WARNING blog_generator content_generator.py:172 _generate_content_from_prompt() - Content word count is 649 (minimum: 800) on attempt 2/3. Raw response length: 4586 chars
2026-05-05 09:29:36,631 WARNING blog_generator content_generator.py:163 _generate_content_from_prompt() - Content used banned terms instant on attempt 3/3
2026-05-05 09:29:36,632 ERROR blog_generator backlink_blog_controller.py:218 _handle_generate_content() - backlink generate_content action failed
Traceback (most recent call last):
  File "/Users/lanie/Sites/Backend/Blog generator/app/controllers/backlink_blog_controller.py", line 191, in _handle_generate_content
    state["content"] = generate_backlink_content(
                       ~~~~~~~~~~~~~~~~~~~~~~~~~^
        provider,
        ^^^^^^^^^
    ...<8 lines>...
        **backlink_context,
        ^^^^^^^^^^^^^^^^^^^
    )
    ^
  File "/Users/lanie/Sites/Backend/Blog generator/generators/content_generator.py", line 367, in generate_backlink_content
    content = _generate_content_from_prompt(
        provider,
    ...<3 lines>...
        validator=validator,
    )
  File "/Users/lanie/Sites/Backend/Blog generator/generators/content_generator.py", line 220, in _generate_content_from_prompt
    raise ValueError(
    ...<2 lines>...
    )
ValueError: Generated article could not satisfy the rules after 3 attempts. Last attempt was 580 words.
2026-05-05 09:34:13,251 WARNING blog_generator content_generator.py:163 _generate_content_from_prompt() - Content used banned terms instant on attempt 1/3
2026-05-05 09:35:07,169 WARNING blog_generator content_generator.py:172 _generate_content_from_prompt() - Content word count is 563 (minimum: 800) on attempt 1/3. Raw response length: 4541 chars
2026-05-05 09:37:21,075 WARNING blog_generator content_generator.py:172 _generate_content_from_prompt() - Content word count is 631 (minimum: 800) on attempt 2/3. Raw response length: 4889 chars
2026-05-05 09:38:24,658 WARNING blog_generator content_generator.py:172 _generate_content_from_prompt() - Content word count is 731 (minimum: 800) on attempt 2/3. Raw response length: 5624 chars
2026-05-05 09:40:39,012 WARNING blog_generator content_generator.py:172 _generate_content_from_prompt() - Content word count is 496 (minimum: 800) on attempt 3/3. Raw response length: 3996 chars
2026-05-05 09:40:39,013 ERROR blog_generator backlink_blog_controller.py:218 _handle_generate_content() - backlink generate_content action failed
Traceback (most recent call last):
  File "/Users/lanie/Sites/Backend/Blog generator/app/controllers/backlink_blog_controller.py", line 191, in _handle_generate_content
    state["content"] = generate_backlink_content(
                       ~~~~~~~~~~~~~~~~~~~~~~~~~^
        provider,
        ^^^^^^^^^
    ...<8 lines>...
        **backlink_context,
        ^^^^^^^^^^^^^^^^^^^
    )
    ^
  File "/Users/lanie/Sites/Backend/Blog generator/generators/content_generator.py", line 367, in generate_backlink_content
    content = _generate_content_from_prompt(
        provider,
    ...<3 lines>...
        validator=validator,
    )
  File "/Users/lanie/Sites/Backend/Blog generator/generators/content_generator.py", line 220, in _generate_content_from_prompt
    raise ValueError(
    ...<2 lines>...
    )
ValueError: Generated article could not satisfy the rules after 3 attempts. Last attempt was 496 words.
2026-05-05 09:41:47,550 WARNING blog_generator content_generator.py:163 _generate_content_from_prompt() - Content used banned terms instant on attempt 3/3
2026-05-05 09:41:47,551 ERROR blog_generator backlink_blog_controller.py:218 _handle_generate_content() - backlink generate_content action failed
Traceback (most recent call last):
  File "/Users/lanie/Sites/Backend/Blog generator/app/controllers/backlink_blog_controller.py", line 191, in _handle_generate_content
    state["content"] = generate_backlink_content(
                       ~~~~~~~~~~~~~~~~~~~~~~~~~^
        provider,
        ^^^^^^^^^
    ...<8 lines>...
        **backlink_context,
        ^^^^^^^^^^^^^^^^^^^
    )
    ^
  File "/Users/lanie/Sites/Backend/Blog generator/generators/content_generator.py", line 367, in generate_backlink_content
    content = _generate_content_from_prompt(
        provider,
    ...<3 lines>...
        validator=validator,
    )
  File "/Users/lanie/Sites/Backend/Blog generator/generators/content_generator.py", line 220, in _generate_content_from_prompt
    raise ValueError(
    ...<2 lines>...
    )
ValueError: Generated article could not satisfy the rules after 3 attempts. Last attempt was 768 words.
2026-05-05 09:57:58,179 WARNING blog_generator content_generator.py:172 _generate_content_from_prompt() - Content word count is 416 (minimum: 800) on attempt 1/3. Raw response length: 3476 chars
2026-05-05 09:58:48,766 WARNING blog_generator content_generator.py:172 _generate_content_from_prompt() - Content word count is 584 (minimum: 800) on attempt 1/3. Raw response length: 4622 chars
2026-05-05 10:01:42,994 WARNING blog_generator content_generator.py:198 _generate_content_from_prompt() - Content validation failed on attempt 2/3: The required brand URL must be inserted inside the first paragraph and must not be placed later in the article.
2026-05-05 10:02:41,506 WARNING blog_generator content_generator.py:163 _generate_content_from_prompt() - Content used banned terms instant on attempt 2/3
2026-05-05 10:05:00,930 INFO blog_generator content_generator.py:206 _generate_content_from_prompt() - Content generated successfully with 938 words on attempt 3/3
2026-05-05 10:05:06,167 ERROR blog_generator backlink_blog_controller.py:218 _handle_generate_content() - backlink generate_content action failed
Traceback (most recent call last):
  File "/Users/lanie/Sites/Backend/Blog generator/app/controllers/backlink_blog_controller.py", line 210, in _handle_generate_content
    record_blog(
    ~~~~~~~~~~~^
        brand=state["brand"],
        ^^^^^^^^^^^^^^^^^^^^^
    ...<2 lines>...
        supporting_keyword="",
        ^^^^^^^^^^^^^^^^^^^^^^
    )
    ^
  File "/Users/lanie/Sites/Backend/Blog generator/database/pages.py", line 103, in record_blog
    keyword_record = get_or_create_keyword(keyword_value)
  File "/Users/lanie/Sites/Backend/Blog generator/database/keywords.py", line 20, in get_or_create_keyword
    cursor = connection.execute(
        "INSERT INTO keywords (keyword, normalized_keyword) VALUES (?, ?)",
        (keyword_value, normalized),
    )
sqlite3.OperationalError: database is locked
2026-05-05 10:05:50,081 WARNING blog_generator content_generator.py:172 _generate_content_from_prompt() - Content word count is 623 (minimum: 800) on attempt 3/3. Raw response length: 4850 chars
2026-05-05 10:05:50,082 ERROR blog_generator backlink_blog_controller.py:218 _handle_generate_content() - backlink generate_content action failed
Traceback (most recent call last):
  File "/Users/lanie/Sites/Backend/Blog generator/app/controllers/backlink_blog_controller.py", line 191, in _handle_generate_content
    state["content"] = generate_backlink_content(
                       ~~~~~~~~~~~~~~~~~~~~~~~~~^
        provider,
        ^^^^^^^^^
    ...<8 lines>...
        **backlink_context,
        ^^^^^^^^^^^^^^^^^^^
    )
    ^
  File "/Users/lanie/Sites/Backend/Blog generator/generators/content_generator.py", line 367, in generate_backlink_content
    content = _generate_content_from_prompt(
        provider,
    ...<3 lines>...
        validator=validator,
    )
  File "/Users/lanie/Sites/Backend/Blog generator/generators/content_generator.py", line 220, in _generate_content_from_prompt
    raise ValueError(
    ...<2 lines>...
    )
ValueError: Generated article could not satisfy the rules after 3 attempts. Last attempt was 623 words.
2026-05-05 10:43:55,367 WARNING blog_generator content_generator.py:172 _generate_content_from_prompt() - Content word count is 756 (minimum: 900) on attempt 1/3. Raw response length: 5552 chars
2026-05-05 10:44:35,391 WARNING blog_generator content_generator.py:172 _generate_content_from_prompt() - Content word count is 390 (minimum: 800) on attempt 1/3. Raw response length: 3113 chars
2026-05-05 10:46:48,726 INFO blog_generator content_generator.py:206 _generate_content_from_prompt() - Content generated successfully with 912 words on attempt 2/3
2026-05-05 10:46:53,951 ERROR blog_generator backlink_blog_controller.py:218 _handle_generate_content() - backlink generate_content action failed
Traceback (most recent call last):
  File "/Users/lanie/Sites/Backend/Blog generator/app/controllers/backlink_blog_controller.py", line 210, in _handle_generate_content
    record_blog(
    ~~~~~~~~~~~^
        brand=state["brand"],
        ^^^^^^^^^^^^^^^^^^^^^
    ...<2 lines>...
        supporting_keyword="",
        ^^^^^^^^^^^^^^^^^^^^^^
    )
    ^
  File "/Users/lanie/Sites/Backend/Blog generator/database/pages.py", line 103, in record_blog
    keyword_record = get_or_create_keyword(keyword_value)
  File "/Users/lanie/Sites/Backend/Blog generator/database/keywords.py", line 20, in get_or_create_keyword
    cursor = connection.execute(
        "INSERT INTO keywords (keyword, normalized_keyword) VALUES (?, ?)",
        (keyword_value, normalized),
    )
sqlite3.OperationalError: database is locked
2026-05-05 10:47:38,312 WARNING blog_generator content_generator.py:172 _generate_content_from_prompt() - Content word count is 520 (minimum: 800) on attempt 2/3. Raw response length: 4414 chars
2026-05-05 10:48:36,277 WARNING blog_generator content_generator.py:172 _generate_content_from_prompt() - Content word count is 511 (minimum: 800) on attempt 3/3. Raw response length: 4223 chars
2026-05-05 10:48:36,278 ERROR blog_generator backlink_blog_controller.py:218 _handle_generate_content() - backlink generate_content action failed
Traceback (most recent call last):
  File "/Users/lanie/Sites/Backend/Blog generator/app/controllers/backlink_blog_controller.py", line 191, in _handle_generate_content
    state["content"] = generate_backlink_content(
                       ~~~~~~~~~~~~~~~~~~~~~~~~~^
        provider,
        ^^^^^^^^^
    ...<8 lines>...
        **backlink_context,
        ^^^^^^^^^^^^^^^^^^^
    )
    ^
  File "/Users/lanie/Sites/Backend/Blog generator/generators/content_generator.py", line 367, in generate_backlink_content
    content = _generate_content_from_prompt(
        provider,
    ...<3 lines>...
        validator=validator,
    )
  File "/Users/lanie/Sites/Backend/Blog generator/generators/content_generator.py", line 220, in _generate_content_from_prompt
    raise ValueError(
    ...<2 lines>...
    )
ValueError: Generated article could not satisfy the rules after 3 attempts. Last attempt was 511 words.
2026-05-05 10:53:10,790 WARNING blog_generator content_generator.py:172 _generate_content_from_prompt() - Content word count is 492 (minimum: 800) on attempt 1/3. Raw response length: 4139 chars
2026-05-05 10:54:06,378 WARNING blog_generator content_generator.py:172 _generate_content_from_prompt() - Content word count is 546 (minimum: 800) on attempt 2/3. Raw response length: 4464 chars
2026-05-05 10:55:04,462 WARNING blog_generator content_generator.py:172 _generate_content_from_prompt() - Content word count is 614 (minimum: 800) on attempt 3/3. Raw response length: 4546 chars
2026-05-05 10:55:04,463 ERROR blog_generator backlink_blog_controller.py:218 _handle_generate_content() - backlink generate_content action failed
Traceback (most recent call last):
  File "/Users/lanie/Sites/Backend/Blog generator/app/controllers/backlink_blog_controller.py", line 191, in _handle_generate_content
    state["content"] = generate_backlink_content(
                       ~~~~~~~~~~~~~~~~~~~~~~~~~^
        provider,
        ^^^^^^^^^
    ...<8 lines>...
        **backlink_context,
        ^^^^^^^^^^^^^^^^^^^
    )
    ^
  File "/Users/lanie/Sites/Backend/Blog generator/generators/content_generator.py", line 367, in generate_backlink_content
    content = _generate_content_from_prompt(
        provider,
    ...<3 lines>...
        validator=validator,
    )
  File "/Users/lanie/Sites/Backend/Blog generator/generators/content_generator.py", line 220, in _generate_content_from_prompt
    raise ValueError(
    ...<2 lines>...
    )
ValueError: Generated article could not satisfy the rules after 3 attempts. Last attempt was 614 words.
2026-05-05 10:58:31,053 WARNING blog_generator content_generator.py:172 _generate_content_from_prompt() - Content word count is 644 (minimum: 800) on attempt 1/3. Raw response length: 5064 chars
2026-05-05 10:59:45,218 WARNING blog_generator content_generator.py:172 _generate_content_from_prompt() - Content word count is 605 (minimum: 800) on attempt 2/3. Raw response length: 4928 chars
2026-05-05 11:01:18,472 WARNING blog_generator content_generator.py:172 _generate_content_from_prompt() - Content word count is 799 (minimum: 800) on attempt 3/3. Raw response length: 6046 chars
2026-05-05 11:01:18,473 ERROR blog_generator backlink_blog_controller.py:218 _handle_generate_content() - backlink generate_content action failed
Traceback (most recent call last):
  File "/Users/lanie/Sites/Backend/Blog generator/app/controllers/backlink_blog_controller.py", line 191, in _handle_generate_content
    state["content"] = generate_backlink_content(
                       ~~~~~~~~~~~~~~~~~~~~~~~~~^
        provider,
        ^^^^^^^^^
    ...<8 lines>...
        **backlink_context,
        ^^^^^^^^^^^^^^^^^^^
    )
    ^
  File "/Users/lanie/Sites/Backend/Blog generator/generators/content_generator.py", line 367, in generate_backlink_content
    content = _generate_content_from_prompt(
        provider,
    ...<3 lines>...
        validator=validator,
    )
  File "/Users/lanie/Sites/Backend/Blog generator/generators/content_generator.py", line 220, in _generate_content_from_prompt
    raise ValueError(
    ...<2 lines>...
    )
ValueError: Generated article could not satisfy the rules after 3 attempts. Last attempt was 799 words.
2026-05-05 12:03:21,182 WARNING blog_generator content_generator.py:172 _generate_content_from_prompt() - Content word count is 489 (minimum: 800) on attempt 1/3. Raw response length: 3780 chars
2026-05-05 12:04:21,014 WARNING blog_generator content_generator.py:163 _generate_content_from_prompt() - Content used banned terms instant on attempt 2/3
2026-05-05 12:05:36,624 WARNING blog_generator content_generator.py:172 _generate_content_from_prompt() - Content word count is 670 (minimum: 800) on attempt 3/3. Raw response length: 5146 chars
2026-05-05 12:05:36,625 ERROR blog_generator backlink_blog_controller.py:218 _handle_generate_content() - backlink generate_content action failed
Traceback (most recent call last):
  File "/Users/lanie/Sites/Backend/Blog generator/app/controllers/backlink_blog_controller.py", line 191, in _handle_generate_content
    state["content"] = generate_backlink_content(
                       ~~~~~~~~~~~~~~~~~~~~~~~~~^
        provider,
        ^^^^^^^^^
    ...<8 lines>...
        **backlink_context,
        ^^^^^^^^^^^^^^^^^^^
    )
    ^
  File "/Users/lanie/Sites/Backend/Blog generator/generators/content_generator.py", line 367, in generate_backlink_content
    content = _generate_content_from_prompt(
        provider,
    ...<3 lines>...
        validator=validator,
    )
  File "/Users/lanie/Sites/Backend/Blog generator/generators/content_generator.py", line 220, in _generate_content_from_prompt
    raise ValueError(
    ...<2 lines>...
    )
ValueError: Generated article could not satisfy the rules after 3 attempts. Last attempt was 670 words.
2026-05-05 12:39:08,327 WARNING blog_generator content_generator.py:172 _generate_content_from_prompt() - Content word count is 460 (minimum: 800) on attempt 1/3. Raw response length: 3892 chars
2026-05-05 12:40:11,729 WARNING blog_generator content_generator.py:163 _generate_content_from_prompt() - Content used banned terms instant on attempt 2/3
2026-05-05 12:41:03,422 WARNING blog_generator content_generator.py:172 _generate_content_from_prompt() - Content word count is 508 (minimum: 800) on attempt 3/3. Raw response length: 4171 chars
2026-05-05 12:41:03,424 ERROR blog_generator backlink_blog_controller.py:218 _handle_generate_content() - backlink generate_content action failed
Traceback (most recent call last):
  File "/Users/lanie/Sites/Backend/Blog generator/app/controllers/backlink_blog_controller.py", line 191, in _handle_generate_content
    state["content"] = generate_backlink_content(
                       ~~~~~~~~~~~~~~~~~~~~~~~~~^
        provider,
        ^^^^^^^^^
    ...<8 lines>...
        **backlink_context,
        ^^^^^^^^^^^^^^^^^^^
    )
    ^
  File "/Users/lanie/Sites/Backend/Blog generator/generators/content_generator.py", line 367, in generate_backlink_content
    content = _generate_content_from_prompt(
        provider,
    ...<3 lines>...
        validator=validator,
    )
  File "/Users/lanie/Sites/Backend/Blog generator/generators/content_generator.py", line 220, in _generate_content_from_prompt
    raise ValueError(
    ...<2 lines>...
    )
ValueError: Generated article could not satisfy the rules after 3 attempts. Last attempt was 508 words.
2026-05-05 14:15:33,344 WARNING blog_generator content_generator.py:172 _generate_content_from_prompt() - Content word count is 536 (minimum: 800) on attempt 1/3. Raw response length: 4115 chars
2026-05-05 14:17:32,769 WARNING blog_generator content_generator.py:163 _generate_content_from_prompt() - Content used banned terms instant on attempt 2/3
2026-05-05 14:18:49,799 WARNING blog_generator content_generator.py:172 _generate_content_from_prompt() - Content word count is 643 (minimum: 800) on attempt 3/3. Raw response length: 5093 chars
2026-05-05 14:18:49,800 ERROR blog_generator backlink_blog_controller.py:218 _handle_generate_content() - backlink generate_content action failed
Traceback (most recent call last):
  File "/Users/lanie/Sites/Backend/Blog generator/app/controllers/backlink_blog_controller.py", line 191, in _handle_generate_content
    state["content"] = generate_backlink_content(
                       ~~~~~~~~~~~~~~~~~~~~~~~~~^
        provider,
        ^^^^^^^^^
    ...<8 lines>...
        **backlink_context,
        ^^^^^^^^^^^^^^^^^^^
    )
    ^
  File "/Users/lanie/Sites/Backend/Blog generator/generators/content_generator.py", line 367, in generate_backlink_content
    content = _generate_content_from_prompt(
        provider,
    ...<3 lines>...
        validator=validator,
    )
  File "/Users/lanie/Sites/Backend/Blog generator/generators/content_generator.py", line 220, in _generate_content_from_prompt
    raise ValueError(
    ...<2 lines>...
    )
ValueError: Generated article could not satisfy the rules after 3 attempts. Last attempt was 643 words.
2026-05-05 14:27:19,041 WARNING blog_generator content_generator.py:163 _generate_content_from_prompt() - Content used banned terms instant on attempt 1/3
2026-05-05 14:28:16,123 WARNING blog_generator content_generator.py:172 _generate_content_from_prompt() - Content word count is 546 (minimum: 800) on attempt 1/3. Raw response length: 4820 chars
2026-05-05 14:30:23,437 WARNING blog_generator content_generator.py:172 _generate_content_from_prompt() - Content word count is 555 (minimum: 800) on attempt 2/3. Raw response length: 4409 chars
2026-05-05 14:31:29,390 WARNING blog_generator content_generator.py:172 _generate_content_from_prompt() - Content word count is 688 (minimum: 800) on attempt 2/3. Raw response length: 5641 chars
2026-05-05 14:33:06,132 WARNING blog_generator content_generator.py:172 _generate_content_from_prompt() - Content word count is 622 (minimum: 800) on attempt 3/3. Raw response length: 4689 chars
2026-05-05 14:33:06,133 ERROR blog_generator backlink_blog_controller.py:218 _handle_generate_content() - backlink generate_content action failed
Traceback (most recent call last):
  File "/Users/lanie/Sites/Backend/Blog generator/app/controllers/backlink_blog_controller.py", line 191, in _handle_generate_content
    state["content"] = generate_backlink_content(
                       ~~~~~~~~~~~~~~~~~~~~~~~~~^
        provider,
        ^^^^^^^^^
    ...<8 lines>...
        **backlink_context,
        ^^^^^^^^^^^^^^^^^^^
    )
    ^
  File "/Users/lanie/Sites/Backend/Blog generator/generators/content_generator.py", line 367, in generate_backlink_content
    content = _generate_content_from_prompt(
        provider,
    ...<3 lines>...
        validator=validator,
    )
  File "/Users/lanie/Sites/Backend/Blog generator/generators/content_generator.py", line 220, in _generate_content_from_prompt
    raise ValueError(
    ...<2 lines>...
    )
ValueError: Generated article could not satisfy the rules after 3 attempts. Last attempt was 622 words.
2026-05-05 14:34:16,169 WARNING blog_generator content_generator.py:163 _generate_content_from_prompt() - Content used banned terms instant on attempt 3/3
2026-05-05 14:34:16,171 ERROR blog_generator backlink_blog_controller.py:218 _handle_generate_content() - backlink generate_content action failed
Traceback (most recent call last):
  File "/Users/lanie/Sites/Backend/Blog generator/app/controllers/backlink_blog_controller.py", line 191, in _handle_generate_content
    state["content"] = generate_backlink_content(
                       ~~~~~~~~~~~~~~~~~~~~~~~~~^
        provider,
        ^^^^^^^^^
    ...<8 lines>...
        **backlink_context,
        ^^^^^^^^^^^^^^^^^^^
    )
    ^
  File "/Users/lanie/Sites/Backend/Blog generator/generators/content_generator.py", line 367, in generate_backlink_content
    content = _generate_content_from_prompt(
        provider,
    ...<3 lines>...
        validator=validator,
    )
  File "/Users/lanie/Sites/Backend/Blog generator/generators/content_generator.py", line 220, in _generate_content_from_prompt
    raise ValueError(
    ...<2 lines>...
    )
ValueError: Generated article could not satisfy the rules after 3 attempts. Last attempt was 772 words.
2026-05-05 14:35:56,939 WARNING blog_generator content_generator.py:163 _generate_content_from_prompt() - Content used banned terms instant on attempt 1/3
2026-05-05 14:36:58,233 WARNING blog_generator content_generator.py:163 _generate_content_from_prompt() - Content used banned terms instant on attempt 2/3
2026-05-05 14:40:41,016 WARNING blog_generator content_generator.py:172 _generate_content_from_prompt() - Content word count is 514 (minimum: 800) on attempt 3/3. Raw response length: 3918 chars
2026-05-05 14:40:41,017 ERROR blog_generator backlink_blog_controller.py:218 _handle_generate_content() - backlink generate_content action failed
Traceback (most recent call last):
  File "/Users/lanie/Sites/Backend/Blog generator/app/controllers/backlink_blog_controller.py", line 191, in _handle_generate_content
    state["content"] = generate_backlink_content(
                       ~~~~~~~~~~~~~~~~~~~~~~~~~^
        provider,
        ^^^^^^^^^
    ...<8 lines>...
        **backlink_context,
        ^^^^^^^^^^^^^^^^^^^
    )
    ^
  File "/Users/lanie/Sites/Backend/Blog generator/generators/content_generator.py", line 367, in generate_backlink_content
    content = _generate_content_from_prompt(
        provider,
    ...<3 lines>...
        validator=validator,
    )
  File "/Users/lanie/Sites/Backend/Blog generator/generators/content_generator.py", line 220, in _generate_content_from_prompt
    raise ValueError(
    ...<2 lines>...
    )
ValueError: Generated article could not satisfy the rules after 3 attempts. Last attempt was 514 words.
2026-05-05 14:42:12,550 WARNING blog_generator content_generator.py:172 _generate_content_from_prompt() - Content word count is 576 (minimum: 800) on attempt 1/3. Raw response length: 5273 chars
2026-05-05 14:43:27,768 WARNING blog_generator content_generator.py:172 _generate_content_from_prompt() - Content word count is 648 (minimum: 800) on attempt 2/3. Raw response length: 4994 chars
2026-05-05 14:48:00,339 WARNING blog_generator content_generator.py:172 _generate_content_from_prompt() - Content word count is 473 (minimum: 800) on attempt 1/5. Raw response length: 3801 chars
2026-05-05 14:48:47,301 WARNING blog_generator content_generator.py:172 _generate_content_from_prompt() - Content word count is 466 (minimum: 800) on attempt 1/5. Raw response length: 4170 chars
2026-05-05 14:50:41,247 WARNING blog_generator content_generator.py:163 _generate_content_from_prompt() - Content used banned terms instant on attempt 2/5
2026-05-05 14:51:46,336 WARNING blog_generator content_generator.py:172 _generate_content_from_prompt() - Content word count is 677 (minimum: 800) on attempt 2/5. Raw response length: 5486 chars
2026-05-05 14:53:52,246 WARNING blog_generator content_generator.py:163 _generate_content_from_prompt() - Content used banned terms instant on attempt 3/5
2026-05-05 14:55:05,542 WARNING blog_generator content_generator.py:172 _generate_content_from_prompt() - Content word count is 710 (minimum: 800) on attempt 3/5. Raw response length: 6014 chars
2026-05-05 14:57:00,413 WARNING blog_generator content_generator.py:163 _generate_content_from_prompt() - Content used banned terms instant on attempt 4/5
2026-05-05 14:58:06,174 WARNING blog_generator content_generator.py:172 _generate_content_from_prompt() - Content word count is 756 (minimum: 800) on attempt 4/5. Raw response length: 6036 chars
2026-05-05 15:00:36,498 INFO blog_generator content_generator.py:206 _generate_content_from_prompt() - Content generated successfully with 941 words on attempt 5/5
2026-05-05 15:00:41,734 ERROR blog_generator backlink_blog_controller.py:218 _handle_generate_content() - backlink generate_content action failed
Traceback (most recent call last):
  File "/Users/lanie/Sites/Backend/Blog generator/app/controllers/backlink_blog_controller.py", line 210, in _handle_generate_content
    record_blog(
    ~~~~~~~~~~~^
        brand=state["brand"],
        ^^^^^^^^^^^^^^^^^^^^^
    ...<2 lines>...
        supporting_keyword="",
        ^^^^^^^^^^^^^^^^^^^^^^
    )
    ^
  File "/Users/lanie/Sites/Backend/Blog generator/database/pages.py", line 103, in record_blog
    keyword_record = get_or_create_keyword(keyword_value)
  File "/Users/lanie/Sites/Backend/Blog generator/database/keywords.py", line 20, in get_or_create_keyword
    cursor = connection.execute(
        "INSERT INTO keywords (keyword, normalized_keyword) VALUES (?, ?)",
        (keyword_value, normalized),
    )
sqlite3.OperationalError: database is locked
2026-05-05 15:02:05,135 INFO blog_generator content_generator.py:206 _generate_content_from_prompt() - Content generated successfully with 899 words on attempt 5/5
2026-05-05 15:02:10,366 ERROR blog_generator backlink_blog_controller.py:218 _handle_generate_content() - backlink generate_content action failed
Traceback (most recent call last):
  File "/Users/lanie/Sites/Backend/Blog generator/app/controllers/backlink_blog_controller.py", line 210, in _handle_generate_content
    record_blog(
    ~~~~~~~~~~~^
        brand=state["brand"],
        ^^^^^^^^^^^^^^^^^^^^^
    ...<2 lines>...
        supporting_keyword="",
        ^^^^^^^^^^^^^^^^^^^^^^
    )
    ^
  File "/Users/lanie/Sites/Backend/Blog generator/database/pages.py", line 103, in record_blog
    keyword_record = get_or_create_keyword(keyword_value)
  File "/Users/lanie/Sites/Backend/Blog generator/database/keywords.py", line 20, in get_or_create_keyword
    cursor = connection.execute(
        "INSERT INTO keywords (keyword, normalized_keyword) VALUES (?, ?)",
        (keyword_value, normalized),
    )
sqlite3.OperationalError: database is locked
2026-05-05 16:40:39,240 WARNING blog_generator content_generator.py:172 _generate_content_from_prompt() - Content word count is 496 (minimum: 800) on attempt 1/5. Raw response length: 3596 chars
2026-05-05 16:42:55,634 WARNING blog_generator content_generator.py:172 _generate_content_from_prompt() - Content word count is 680 (minimum: 800) on attempt 2/5. Raw response length: 4687 chars
2026-05-05 16:44:43,740 WARNING blog_generator content_generator.py:172 _generate_content_from_prompt() - Content word count is 616 (minimum: 900) on attempt 1/5. Raw response length: 4659 chars
2026-05-05 16:45:31,156 WARNING blog_generator content_generator.py:172 _generate_content_from_prompt() - Content word count is 550 (minimum: 800) on attempt 3/5. Raw response length: 3879 chars
2026-05-05 16:47:53,016 WARNING blog_generator content_generator.py:172 _generate_content_from_prompt() - Content word count is 897 (minimum: 900) on attempt 2/5. Raw response length: 6608 chars
2026-05-05 16:48:46,233 WARNING blog_generator content_generator.py:172 _generate_content_from_prompt() - Content word count is 581 (minimum: 800) on attempt 4/5. Raw response length: 4305 chars
2026-05-05 16:50:35,437 WARNING blog_generator content_generator.py:172 _generate_content_from_prompt() - Content word count is 662 (minimum: 900) on attempt 3/5. Raw response length: 5026 chars
2026-05-05 16:56:49,924 WARNING blog_generator content_generator.py:163 _generate_content_from_prompt() - Content used banned terms instant on attempt 5/5
2026-05-05 16:56:49,925 ERROR blog_generator backlink_blog_controller.py:218 _handle_generate_content() - backlink generate_content action failed
Traceback (most recent call last):
  File "/Users/lanie/Sites/Backend/Blog generator/app/controllers/backlink_blog_controller.py", line 191, in _handle_generate_content
    state["content"] = generate_backlink_content(
                       ~~~~~~~~~~~~~~~~~~~~~~~~~^
        provider,
        ^^^^^^^^^
    ...<8 lines>...
        **backlink_context,
        ^^^^^^^^^^^^^^^^^^^
    )
    ^
  File "/Users/lanie/Sites/Backend/Blog generator/generators/content_generator.py", line 367, in generate_backlink_content
    content = _generate_content_from_prompt(
        provider,
    ...<3 lines>...
        validator=validator,
    )
  File "/Users/lanie/Sites/Backend/Blog generator/generators/content_generator.py", line 220, in _generate_content_from_prompt
    raise ValueError(
    ...<2 lines>...
    )
ValueError: Generated article could not satisfy the rules after 5 attempts. Last attempt was 903 words.
2026-05-05 16:59:22,836 WARNING blog_generator content_generator.py:172 _generate_content_from_prompt() - Content word count is 832 (minimum: 900) on attempt 4/5. Raw response length: 6326 chars
2026-05-05 17:01:27,624 ERROR blog_generator backlink_blog_controller.py:218 _handle_generate_content() - backlink generate_content action failed
Traceback (most recent call last):
  File "/Users/lanie/Sites/Backend/Blog generator/venv/lib/python3.14/site-packages/httpx/_transports/default.py", line 101, in map_httpcore_exceptions
    yield
  File "/Users/lanie/Sites/Backend/Blog generator/venv/lib/python3.14/site-packages/httpx/_transports/default.py", line 250, in handle_request
    resp = self._pool.handle_request(req)
  File "/Users/lanie/Sites/Backend/Blog generator/venv/lib/python3.14/site-packages/httpcore/_sync/connection_pool.py", line 256, in handle_request
    raise exc from None
  File "/Users/lanie/Sites/Backend/Blog generator/venv/lib/python3.14/site-packages/httpcore/_sync/connection_pool.py", line 236, in handle_request
    response = connection.handle_request(
        pool_request.request
    )
  File "/Users/lanie/Sites/Backend/Blog generator/venv/lib/python3.14/site-packages/httpcore/_sync/connection.py", line 103, in handle_request
    return self._connection.handle_request(request)
           ~~~~~~~~~~~~~~~~~~~~~~~~~~~~~~~^^^^^^^^^
  File "/Users/lanie/Sites/Backend/Blog generator/venv/lib/python3.14/site-packages/httpcore/_sync/http11.py", line 136, in handle_request
    raise exc
  File "/Users/lanie/Sites/Backend/Blog generator/venv/lib/python3.14/site-packages/httpcore/_sync/http11.py", line 106, in handle_request
    ) = self._receive_response_headers(**kwargs)
        ~~~~~~~~~~~~~~~~~~~~~~~~~~~~~~^^^^^^^^^^
  File "/Users/lanie/Sites/Backend/Blog generator/venv/lib/python3.14/site-packages/httpcore/_sync/http11.py", line 177, in _receive_response_headers
    event = self._receive_event(timeout=timeout)
  File "/Users/lanie/Sites/Backend/Blog generator/venv/lib/python3.14/site-packages/httpcore/_sync/http11.py", line 231, in _receive_event
    raise RemoteProtocolError(msg)
httpcore.RemoteProtocolError: Server disconnected without sending a response.

The above exception was the direct cause of the following exception:

Traceback (most recent call last):
  File "/Users/lanie/Sites/Backend/Blog generator/providers/ollama_provider.py", line 11, in generate_json
    response = chat(
        model=self.model,
    ...<4 lines>...
        }
    )
  File "/Users/lanie/Sites/Backend/Blog generator/venv/lib/python3.14/site-packages/ollama/_client.py", line 365, in chat
    return self._request(
           ~~~~~~~~~~~~~^
      ChatResponse,
      ^^^^^^^^^^^^^
    ...<14 lines>...
      stream=stream,
      ^^^^^^^^^^^^^^
    )
    ^
  File "/Users/lanie/Sites/Backend/Blog generator/venv/lib/python3.14/site-packages/ollama/_client.py", line 189, in _request
    return cls(**self._request_raw(*args, **kwargs).json())
                 ~~~~~~~~~~~~~~~~~^^^^^^^^^^^^^^^^^
  File "/Users/lanie/Sites/Backend/Blog generator/venv/lib/python3.14/site-packages/ollama/_client.py", line 129, in _request_raw
    r = self._client.request(*args, **kwargs)
  File "/Users/lanie/Sites/Backend/Blog generator/venv/lib/python3.14/site-packages/httpx/_client.py", line 825, in request
    return self.send(request, auth=auth, follow_redirects=follow_redirects)
           ~~~~~~~~~^^^^^^^^^^^^^^^^^^^^^^^^^^^^^^^^^^^^^^^^^^^^^^^^^^^^^^^
  File "/Users/lanie/Sites/Backend/Blog generator/venv/lib/python3.14/site-packages/httpx/_client.py", line 914, in send
    response = self._send_handling_auth(
        request,
    ...<2 lines>...
        history=[],
    )
  File "/Users/lanie/Sites/Backend/Blog generator/venv/lib/python3.14/site-packages/httpx/_client.py", line 942, in _send_handling_auth
    response = self._send_handling_redirects(
        request,
        follow_redirects=follow_redirects,
        history=history,
    )
  File "/Users/lanie/Sites/Backend/Blog generator/venv/lib/python3.14/site-packages/httpx/_client.py", line 979, in _send_handling_redirects
    response = self._send_single_request(request)
  File "/Users/lanie/Sites/Backend/Blog generator/venv/lib/python3.14/site-packages/httpx/_client.py", line 1014, in _send_single_request
    response = transport.handle_request(request)
  File "/Users/lanie/Sites/Backend/Blog generator/venv/lib/python3.14/site-packages/httpx/_transports/default.py", line 249, in handle_request
    with map_httpcore_exceptions():
         ~~~~~~~~~~~~~~~~~~~~~~~^^
  File "/opt/homebrew/Cellar/python@3.14/3.14.3_1/Frameworks/Python.framework/Versions/3.14/lib/python3.14/contextlib.py", line 162, in __exit__
    self.gen.throw(value)
    ~~~~~~~~~~~~~~^^^^^^^
  File "/Users/lanie/Sites/Backend/Blog generator/venv/lib/python3.14/site-packages/httpx/_transports/default.py", line 118, in map_httpcore_exceptions
    raise mapped_exc(message) from exc
httpx.RemoteProtocolError: Server disconnected without sending a response.

The above exception was the direct cause of the following exception:

Traceback (most recent call last):
  File "/Users/lanie/Sites/Backend/Blog generator/app/controllers/backlink_blog_controller.py", line 191, in _handle_generate_content
    state["content"] = generate_backlink_content(
                       ~~~~~~~~~~~~~~~~~~~~~~~~~^
        provider,
        ^^^^^^^^^
    ...<8 lines>...
        **backlink_context,
        ^^^^^^^^^^^^^^^^^^^
    )
    ^
  File "/Users/lanie/Sites/Backend/Blog generator/generators/content_generator.py", line 367, in generate_backlink_content
    content = _generate_content_from_prompt(
        provider,
    ...<3 lines>...
        validator=validator,
    )
  File "/Users/lanie/Sites/Backend/Blog generator/generators/content_generator.py", line 155, in _generate_content_from_prompt
    raw = provider.generate_json(prompt + retry_instruction)
  File "/Users/lanie/Sites/Backend/Blog generator/providers/ollama_provider.py", line 31, in generate_json
    raise ProviderError(f"Ollama request failed for model '{self.model}': {exc}") from exc
providers.base.ProviderError: Ollama request failed for model 'qwen3:8b': Server disconnected without sending a response.
2026-05-05 17:01:27,627 ERROR blog_generator backlink_blog_controller.py:113 _handle_generate_titles() - backlink generate_titles action failed
Traceback (most recent call last):
  File "/Users/lanie/Sites/Backend/Blog generator/venv/lib/python3.14/site-packages/httpx/_transports/default.py", line 101, in map_httpcore_exceptions
    yield
  File "/Users/lanie/Sites/Backend/Blog generator/venv/lib/python3.14/site-packages/httpx/_transports/default.py", line 250, in handle_request
    resp = self._pool.handle_request(req)
  File "/Users/lanie/Sites/Backend/Blog generator/venv/lib/python3.14/site-packages/httpcore/_sync/connection_pool.py", line 256, in handle_request
    raise exc from None
  File "/Users/lanie/Sites/Backend/Blog generator/venv/lib/python3.14/site-packages/httpcore/_sync/connection_pool.py", line 236, in handle_request
    response = connection.handle_request(
        pool_request.request
    )
  File "/Users/lanie/Sites/Backend/Blog generator/venv/lib/python3.14/site-packages/httpcore/_sync/connection.py", line 103, in handle_request
    return self._connection.handle_request(request)
           ~~~~~~~~~~~~~~~~~~~~~~~~~~~~~~~^^^^^^^^^
  File "/Users/lanie/Sites/Backend/Blog generator/venv/lib/python3.14/site-packages/httpcore/_sync/http11.py", line 136, in handle_request
    raise exc
  File "/Users/lanie/Sites/Backend/Blog generator/venv/lib/python3.14/site-packages/httpcore/_sync/http11.py", line 106, in handle_request
    ) = self._receive_response_headers(**kwargs)
        ~~~~~~~~~~~~~~~~~~~~~~~~~~~~~~^^^^^^^^^^
  File "/Users/lanie/Sites/Backend/Blog generator/venv/lib/python3.14/site-packages/httpcore/_sync/http11.py", line 177, in _receive_response_headers
    event = self._receive_event(timeout=timeout)
  File "/Users/lanie/Sites/Backend/Blog generator/venv/lib/python3.14/site-packages/httpcore/_sync/http11.py", line 231, in _receive_event
    raise RemoteProtocolError(msg)
httpcore.RemoteProtocolError: Server disconnected without sending a response.

The above exception was the direct cause of the following exception:

Traceback (most recent call last):
  File "/Users/lanie/Sites/Backend/Blog generator/providers/ollama_provider.py", line 11, in generate_json
    response = chat(
        model=self.model,
    ...<4 lines>...
        }
    )
  File "/Users/lanie/Sites/Backend/Blog generator/venv/lib/python3.14/site-packages/ollama/_client.py", line 365, in chat
    return self._request(
           ~~~~~~~~~~~~~^
      ChatResponse,
      ^^^^^^^^^^^^^
    ...<14 lines>...
      stream=stream,
      ^^^^^^^^^^^^^^
    )
    ^
  File "/Users/lanie/Sites/Backend/Blog generator/venv/lib/python3.14/site-packages/ollama/_client.py", line 189, in _request
    return cls(**self._request_raw(*args, **kwargs).json())
                 ~~~~~~~~~~~~~~~~~^^^^^^^^^^^^^^^^^
  File "/Users/lanie/Sites/Backend/Blog generator/venv/lib/python3.14/site-packages/ollama/_client.py", line 129, in _request_raw
    r = self._client.request(*args, **kwargs)
  File "/Users/lanie/Sites/Backend/Blog generator/venv/lib/python3.14/site-packages/httpx/_client.py", line 825, in request
    return self.send(request, auth=auth, follow_redirects=follow_redirects)
           ~~~~~~~~~^^^^^^^^^^^^^^^^^^^^^^^^^^^^^^^^^^^^^^^^^^^^^^^^^^^^^^^
  File "/Users/lanie/Sites/Backend/Blog generator/venv/lib/python3.14/site-packages/httpx/_client.py", line 914, in send
    response = self._send_handling_auth(
        request,
    ...<2 lines>...
        history=[],
    )
  File "/Users/lanie/Sites/Backend/Blog generator/venv/lib/python3.14/site-packages/httpx/_client.py", line 942, in _send_handling_auth
    response = self._send_handling_redirects(
        request,
        follow_redirects=follow_redirects,
        history=history,
    )
  File "/Users/lanie/Sites/Backend/Blog generator/venv/lib/python3.14/site-packages/httpx/_client.py", line 979, in _send_handling_redirects
    response = self._send_single_request(request)
  File "/Users/lanie/Sites/Backend/Blog generator/venv/lib/python3.14/site-packages/httpx/_client.py", line 1014, in _send_single_request
    response = transport.handle_request(request)
  File "/Users/lanie/Sites/Backend/Blog generator/venv/lib/python3.14/site-packages/httpx/_transports/default.py", line 249, in handle_request
    with map_httpcore_exceptions():
         ~~~~~~~~~~~~~~~~~~~~~~~^^
  File "/opt/homebrew/Cellar/python@3.14/3.14.3_1/Frameworks/Python.framework/Versions/3.14/lib/python3.14/contextlib.py", line 162, in __exit__
    self.gen.throw(value)
    ~~~~~~~~~~~~~~^^^^^^^
  File "/Users/lanie/Sites/Backend/Blog generator/venv/lib/python3.14/site-packages/httpx/_transports/default.py", line 118, in map_httpcore_exceptions
    raise mapped_exc(message) from exc
httpx.RemoteProtocolError: Server disconnected without sending a response.

The above exception was the direct cause of the following exception:

Traceback (most recent call last):
  File "/Users/lanie/Sites/Backend/Blog generator/app/controllers/backlink_blog_controller.py", line 92, in _handle_generate_titles
    state["titles"] = generate_backlink_titles(
                      ~~~~~~~~~~~~~~~~~~~~~~~~^
        provider,
        ^^^^^^^^^
    ...<15 lines>...
        backlink_content_guidelines=state["selected_backlink"].get("content_guidelines", ""),
        ^^^^^^^^^^^^^^^^^^^^^^^^^^^^^^^^^^^^^^^^^^^^^^^^^^^^^^^^^^^^^^^^^^^^^^^^^^^^^^^^^^^^^
    )
    ^
  File "/Users/lanie/Sites/Backend/Blog generator/generators/title_generator.py", line 107, in generate_backlink_titles
    return _generate_titles_from_prompt(provider, prompt)
  File "/Users/lanie/Sites/Backend/Blog generator/generators/title_generator.py", line 21, in _generate_titles_from_prompt
    raw = provider.generate_json(prompt + retry_instruction)
  File "/Users/lanie/Sites/Backend/Blog generator/providers/ollama_provider.py", line 31, in generate_json
    raise ProviderError(f"Ollama request failed for model '{self.model}': {exc}") from exc
providers.base.ProviderError: Ollama request failed for model 'qwen3:8b': Server disconnected without sending a response.
2026-05-05 17:01:27,627 ERROR blog_generator backlink_blog_controller.py:113 _handle_generate_titles() - backlink generate_titles action failed
Traceback (most recent call last):
  File "/Users/lanie/Sites/Backend/Blog generator/venv/lib/python3.14/site-packages/httpx/_transports/default.py", line 101, in map_httpcore_exceptions
    yield
  File "/Users/lanie/Sites/Backend/Blog generator/venv/lib/python3.14/site-packages/httpx/_transports/default.py", line 250, in handle_request
    resp = self._pool.handle_request(req)
  File "/Users/lanie/Sites/Backend/Blog generator/venv/lib/python3.14/site-packages/httpcore/_sync/connection_pool.py", line 256, in handle_request
    raise exc from None
  File "/Users/lanie/Sites/Backend/Blog generator/venv/lib/python3.14/site-packages/httpcore/_sync/connection_pool.py", line 236, in handle_request
    response = connection.handle_request(
        pool_request.request
    )
  File "/Users/lanie/Sites/Backend/Blog generator/venv/lib/python3.14/site-packages/httpcore/_sync/connection.py", line 103, in handle_request
    return self._connection.handle_request(request)
           ~~~~~~~~~~~~~~~~~~~~~~~~~~~~~~~^^^^^^^^^
  File "/Users/lanie/Sites/Backend/Blog generator/venv/lib/python3.14/site-packages/httpcore/_sync/http11.py", line 136, in handle_request
    raise exc
  File "/Users/lanie/Sites/Backend/Blog generator/venv/lib/python3.14/site-packages/httpcore/_sync/http11.py", line 106, in handle_request
    ) = self._receive_response_headers(**kwargs)
        ~~~~~~~~~~~~~~~~~~~~~~~~~~~~~~^^^^^^^^^^
  File "/Users/lanie/Sites/Backend/Blog generator/venv/lib/python3.14/site-packages/httpcore/_sync/http11.py", line 177, in _receive_response_headers
    event = self._receive_event(timeout=timeout)
  File "/Users/lanie/Sites/Backend/Blog generator/venv/lib/python3.14/site-packages/httpcore/_sync/http11.py", line 231, in _receive_event
    raise RemoteProtocolError(msg)
httpcore.RemoteProtocolError: Server disconnected without sending a response.

The above exception was the direct cause of the following exception:

Traceback (most recent call last):
  File "/Users/lanie/Sites/Backend/Blog generator/providers/ollama_provider.py", line 11, in generate_json
    response = chat(
        model=self.model,
    ...<4 lines>...
        }
    )
  File "/Users/lanie/Sites/Backend/Blog generator/venv/lib/python3.14/site-packages/ollama/_client.py", line 365, in chat
    return self._request(
           ~~~~~~~~~~~~~^
      ChatResponse,
      ^^^^^^^^^^^^^
    ...<14 lines>...
      stream=stream,
      ^^^^^^^^^^^^^^
    )
    ^
  File "/Users/lanie/Sites/Backend/Blog generator/venv/lib/python3.14/site-packages/ollama/_client.py", line 189, in _request
    return cls(**self._request_raw(*args, **kwargs).json())
                 ~~~~~~~~~~~~~~~~~^^^^^^^^^^^^^^^^^
  File "/Users/lanie/Sites/Backend/Blog generator/venv/lib/python3.14/site-packages/ollama/_client.py", line 129, in _request_raw
    r = self._client.request(*args, **kwargs)
  File "/Users/lanie/Sites/Backend/Blog generator/venv/lib/python3.14/site-packages/httpx/_client.py", line 825, in request
    return self.send(request, auth=auth, follow_redirects=follow_redirects)
           ~~~~~~~~~^^^^^^^^^^^^^^^^^^^^^^^^^^^^^^^^^^^^^^^^^^^^^^^^^^^^^^^
  File "/Users/lanie/Sites/Backend/Blog generator/venv/lib/python3.14/site-packages/httpx/_client.py", line 914, in send
    response = self._send_handling_auth(
        request,
    ...<2 lines>...
        history=[],
    )
  File "/Users/lanie/Sites/Backend/Blog generator/venv/lib/python3.14/site-packages/httpx/_client.py", line 942, in _send_handling_auth
    response = self._send_handling_redirects(
        request,
        follow_redirects=follow_redirects,
        history=history,
    )
  File "/Users/lanie/Sites/Backend/Blog generator/venv/lib/python3.14/site-packages/httpx/_client.py", line 979, in _send_handling_redirects
    response = self._send_single_request(request)
  File "/Users/lanie/Sites/Backend/Blog generator/venv/lib/python3.14/site-packages/httpx/_client.py", line 1014, in _send_single_request
    response = transport.handle_request(request)
  File "/Users/lanie/Sites/Backend/Blog generator/venv/lib/python3.14/site-packages/httpx/_transports/default.py", line 249, in handle_request
    with map_httpcore_exceptions():
         ~~~~~~~~~~~~~~~~~~~~~~~^^
  File "/opt/homebrew/Cellar/python@3.14/3.14.3_1/Frameworks/Python.framework/Versions/3.14/lib/python3.14/contextlib.py", line 162, in __exit__
    self.gen.throw(value)
    ~~~~~~~~~~~~~~^^^^^^^
  File "/Users/lanie/Sites/Backend/Blog generator/venv/lib/python3.14/site-packages/httpx/_transports/default.py", line 118, in map_httpcore_exceptions
    raise mapped_exc(message) from exc
httpx.RemoteProtocolError: Server disconnected without sending a response.

The above exception was the direct cause of the following exception:

Traceback (most recent call last):
  File "/Users/lanie/Sites/Backend/Blog generator/app/controllers/backlink_blog_controller.py", line 92, in _handle_generate_titles
    state["titles"] = generate_backlink_titles(
                      ~~~~~~~~~~~~~~~~~~~~~~~~^
        provider,
        ^^^^^^^^^
    ...<15 lines>...
        backlink_content_guidelines=state["selected_backlink"].get("content_guidelines", ""),
        ^^^^^^^^^^^^^^^^^^^^^^^^^^^^^^^^^^^^^^^^^^^^^^^^^^^^^^^^^^^^^^^^^^^^^^^^^^^^^^^^^^^^^
    )
    ^
  File "/Users/lanie/Sites/Backend/Blog generator/generators/title_generator.py", line 107, in generate_backlink_titles
    return _generate_titles_from_prompt(provider, prompt)
  File "/Users/lanie/Sites/Backend/Blog generator/generators/title_generator.py", line 21, in _generate_titles_from_prompt
    raw = provider.generate_json(prompt + retry_instruction)
  File "/Users/lanie/Sites/Backend/Blog generator/providers/ollama_provider.py", line 31, in generate_json
    raise ProviderError(f"Ollama request failed for model '{self.model}': {exc}") from exc
providers.base.ProviderError: Ollama request failed for model 'qwen3:8b': Server disconnected without sending a response.
2026-05-05 17:09:39,068 WARNING blog_generator content_generator.py:172 _generate_content_from_prompt() - Content word count is 620 (minimum: 800) on attempt 1/5. Raw response length: 4335 chars
2026-05-05 17:10:29,361 WARNING blog_generator content_generator.py:172 _generate_content_from_prompt() - Content word count is 628 (minimum: 900) on attempt 1/5. Raw response length: 4964 chars
2026-05-05 17:12:30,014 WARNING blog_generator content_generator.py:172 _generate_content_from_prompt() - Content word count is 735 (minimum: 800) on attempt 2/5. Raw response length: 5168 chars
2026-05-05 17:13:40,870 WARNING blog_generator content_generator.py:184 _generate_content_from_prompt() - Content word count is 1029 (maximum: 1000) on attempt 2/5. Raw response length: 7342 chars
2026-05-05 17:15:35,076 WARNING blog_generator content_generator.py:172 _generate_content_from_prompt() - Content word count is 511 (minimum: 800) on attempt 3/5. Raw response length: 3689 chars
2026-05-05 17:16:34,298 WARNING blog_generator content_generator.py:172 _generate_content_from_prompt() - Content word count is 778 (minimum: 900) on attempt 3/5. Raw response length: 5808 chars
2026-05-05 17:18:45,385 WARNING blog_generator content_generator.py:172 _generate_content_from_prompt() - Content word count is 768 (minimum: 800) on attempt 4/5. Raw response length: 5472 chars
2026-05-05 17:19:37,288 WARNING blog_generator content_generator.py:172 _generate_content_from_prompt() - Content word count is 689 (minimum: 900) on attempt 4/5. Raw response length: 5176 chars
2026-05-05 17:21:42,975 INFO blog_generator content_generator.py:206 _generate_content_from_prompt() - Content generated successfully with 816 words on attempt 5/5
2026-05-05 17:21:48,188 ERROR blog_generator backlink_blog_controller.py:218 _handle_generate_content() - backlink generate_content action failed
Traceback (most recent call last):
  File "/Users/lanie/Sites/Backend/Blog generator/app/controllers/backlink_blog_controller.py", line 210, in _handle_generate_content
    record_blog(
    ~~~~~~~~~~~^
        brand=state["brand"],
        ^^^^^^^^^^^^^^^^^^^^^
    ...<2 lines>...
        supporting_keyword="",
        ^^^^^^^^^^^^^^^^^^^^^^
    )
    ^
  File "/Users/lanie/Sites/Backend/Blog generator/database/pages.py", line 103, in record_blog
    keyword_record = get_or_create_keyword(keyword_value)
  File "/Users/lanie/Sites/Backend/Blog generator/database/keywords.py", line 20, in get_or_create_keyword
    cursor = connection.execute(
        "INSERT INTO keywords (keyword, normalized_keyword) VALUES (?, ?)",
        (keyword_value, normalized),
    )
sqlite3.OperationalError: database is locked
2026-05-05 17:22:43,908 WARNING blog_generator content_generator.py:172 _generate_content_from_prompt() - Content word count is 809 (minimum: 900) on attempt 5/5. Raw response length: 5921 chars
2026-05-05 17:22:43,909 ERROR blog_generator backlink_blog_controller.py:218 _handle_generate_content() - backlink generate_content action failed
Traceback (most recent call last):
  File "/Users/lanie/Sites/Backend/Blog generator/app/controllers/backlink_blog_controller.py", line 191, in _handle_generate_content
    state["content"] = generate_backlink_content(
                       ~~~~~~~~~~~~~~~~~~~~~~~~~^
        provider,
        ^^^^^^^^^
    ...<8 lines>...
        **backlink_context,
        ^^^^^^^^^^^^^^^^^^^
    )
    ^
  File "/Users/lanie/Sites/Backend/Blog generator/generators/content_generator.py", line 367, in generate_backlink_content
    content = _generate_content_from_prompt(
        provider,
    ...<3 lines>...
        validator=validator,
    )
  File "/Users/lanie/Sites/Backend/Blog generator/generators/content_generator.py", line 220, in _generate_content_from_prompt
    raise ValueError(
    ...<2 lines>...
    )
ValueError: Generated article could not satisfy the rules after 5 attempts. Last attempt was 809 words.
2026-05-05 17:32:23,617 WARNING blog_generator content_generator.py:172 _generate_content_from_prompt() - Content word count is 823 (minimum: 900) on attempt 1/5. Raw response length: 5891 chars
2026-05-05 17:36:11,352 WARNING blog_generator content_generator.py:184 _generate_content_from_prompt() - Content word count is 1047 (maximum: 1000) on attempt 2/5. Raw response length: 7511 chars
2026-05-05 17:38:24,610 WARNING blog_generator content_generator.py:163 _generate_content_from_prompt() - Content used banned terms instant on attempt 1/5
2026-05-05 17:39:13,337 WARNING blog_generator content_generator.py:172 _generate_content_from_prompt() - Content word count is 585 (minimum: 800) on attempt 1/5. Raw response length: 4813 chars
2026-05-05 17:40:00,553 WARNING blog_generator content_generator.py:172 _generate_content_from_prompt() - Content word count is 576 (minimum: 900) on attempt 3/5. Raw response length: 4666 chars
2026-05-05 17:43:29,946 WARNING blog_generator content_generator.py:163 _generate_content_from_prompt() - Content used banned terms instant, glitch on attempt 2/5
2026-05-05 17:44:30,226 WARNING blog_generator content_generator.py:163 _generate_content_from_prompt() - Content used banned terms instant on attempt 2/5
2026-05-05 17:45:31,792 WARNING blog_generator content_generator.py:172 _generate_content_from_prompt() - Content word count is 818 (minimum: 900) on attempt 4/5. Raw response length: 5984 chars
2026-05-05 17:48:24,247 INFO blog_generator content_generator.py:206 _generate_content_from_prompt() - Content generated successfully with 879 words on attempt 3/5
2026-05-05 17:48:29,505 ERROR blog_generator backlink_blog_controller.py:218 _handle_generate_content() - backlink generate_content action failed
Traceback (most recent call last):
  File "/Users/lanie/Sites/Backend/Blog generator/app/controllers/backlink_blog_controller.py", line 210, in _handle_generate_content
    record_blog(
    ~~~~~~~~~~~^
        brand=state["brand"],
        ^^^^^^^^^^^^^^^^^^^^^
    ...<2 lines>...
        supporting_keyword="",
        ^^^^^^^^^^^^^^^^^^^^^^
    )
    ^
  File "/Users/lanie/Sites/Backend/Blog generator/database/pages.py", line 103, in record_blog
    keyword_record = get_or_create_keyword(keyword_value)
  File "/Users/lanie/Sites/Backend/Blog generator/database/keywords.py", line 20, in get_or_create_keyword
    cursor = connection.execute(
        "INSERT INTO keywords (keyword, normalized_keyword) VALUES (?, ?)",
        (keyword_value, normalized),
    )
sqlite3.OperationalError: database is locked
2026-05-05 17:49:11,992 WARNING blog_generator content_generator.py:163 _generate_content_from_prompt() - Content used banned terms instant on attempt 3/5
2026-05-05 17:50:06,773 WARNING blog_generator content_generator.py:172 _generate_content_from_prompt() - Content word count is 720 (minimum: 900) on attempt 5/5. Raw response length: 5444 chars
2026-05-05 17:50:06,774 ERROR blog_generator backlink_blog_controller.py:218 _handle_generate_content() - backlink generate_content action failed
Traceback (most recent call last):
  File "/Users/lanie/Sites/Backend/Blog generator/app/controllers/backlink_blog_controller.py", line 191, in _handle_generate_content
    state["content"] = generate_backlink_content(
                       ~~~~~~~~~~~~~~~~~~~~~~~~~^
        provider,
        ^^^^^^^^^
    ...<8 lines>...
        **backlink_context,
        ^^^^^^^^^^^^^^^^^^^
    )
    ^
  File "/Users/lanie/Sites/Backend/Blog generator/generators/content_generator.py", line 367, in generate_backlink_content
    content = _generate_content_from_prompt(
        provider,
    ...<3 lines>...
        validator=validator,
    )
  File "/Users/lanie/Sites/Backend/Blog generator/generators/content_generator.py", line 220, in _generate_content_from_prompt
    raise ValueError(
    ...<2 lines>...
    )
ValueError: Generated article could not satisfy the rules after 5 attempts. Last attempt was 720 words.
2026-05-05 17:51:30,445 WARNING blog_generator content_generator.py:172 _generate_content_from_prompt() - Content word count is 756 (minimum: 800) on attempt 4/5. Raw response length: 5894 chars
2026-05-05 17:53:30,879 WARNING blog_generator content_generator.py:172 _generate_content_from_prompt() - Content word count is 771 (minimum: 800) on attempt 5/5. Raw response length: 6111 chars
2026-05-05 17:53:30,880 ERROR blog_generator backlink_blog_controller.py:218 _handle_generate_content() - backlink generate_content action failed
Traceback (most recent call last):
  File "/Users/lanie/Sites/Backend/Blog generator/app/controllers/backlink_blog_controller.py", line 191, in _handle_generate_content
    state["content"] = generate_backlink_content(
                       ~~~~~~~~~~~~~~~~~~~~~~~~~^
        provider,
        ^^^^^^^^^
    ...<8 lines>...
        **backlink_context,
        ^^^^^^^^^^^^^^^^^^^
    )
    ^
  File "/Users/lanie/Sites/Backend/Blog generator/generators/content_generator.py", line 367, in generate_backlink_content
    content = _generate_content_from_prompt(
        provider,
    ...<3 lines>...
        validator=validator,
    )
  File "/Users/lanie/Sites/Backend/Blog generator/generators/content_generator.py", line 220, in _generate_content_from_prompt
    raise ValueError(
    ...<2 lines>...
    )
ValueError: Generated article could not satisfy the rules after 5 attempts. Last attempt was 771 words.
2026-05-05 17:56:21,037 WARNING blog_generator content_generator.py:163 _generate_content_from_prompt() - Content used banned terms instant on attempt 1/5
2026-05-05 17:59:53,393 INFO blog_generator content_generator.py:206 _generate_content_from_prompt() - Content generated successfully with 902 words on attempt 2/5
2026-05-05 17:59:58,580 ERROR blog_generator backlink_blog_controller.py:218 _handle_generate_content() - backlink generate_content action failed
Traceback (most recent call last):
  File "/Users/lanie/Sites/Backend/Blog generator/app/controllers/backlink_blog_controller.py", line 210, in _handle_generate_content
    record_blog(
    ~~~~~~~~~~~^
        brand=state["brand"],
        ^^^^^^^^^^^^^^^^^^^^^
    ...<2 lines>...
        supporting_keyword="",
        ^^^^^^^^^^^^^^^^^^^^^^
    )
    ^
  File "/Users/lanie/Sites/Backend/Blog generator/database/pages.py", line 103, in record_blog
    keyword_record = get_or_create_keyword(keyword_value)
  File "/Users/lanie/Sites/Backend/Blog generator/database/keywords.py", line 20, in get_or_create_keyword
    cursor = connection.execute(
        "INSERT INTO keywords (keyword, normalized_keyword) VALUES (?, ?)",
        (keyword_value, normalized),
    )
sqlite3.OperationalError: database is locked
2026-05-05 18:00:55,529 WARNING blog_generator content_generator.py:172 _generate_content_from_prompt() - Content word count is 790 (minimum: 800) on attempt 1/5. Raw response length: 5769 chars
2026-05-05 18:03:24,927 WARNING blog_generator content_generator.py:172 _generate_content_from_prompt() - Content word count is 649 (minimum: 800) on attempt 2/5. Raw response length: 4908 chars
2026-05-05 20:04:40,148 WARNING blog_generator content_generator.py:172 _generate_content_from_prompt() - Content word count is 765 (minimum: 800) on attempt 1/5. Raw response length: 5754 chars
2026-05-05 23:08:49,321 WARNING blog_generator content_generator.py:172 _generate_content_from_prompt() - Content word count is 450 (minimum: 800) on attempt 3/5. Raw response length: 3686 chars
2026-05-06 02:11:53,609 WARNING blog_generator content_generator.py:172 _generate_content_from_prompt() - Content word count is 637 (minimum: 800) on attempt 2/5. Raw response length: 5297 chars
2026-05-06 03:53:17,534 WARNING blog_generator content_generator.py:172 _generate_content_from_prompt() - Content word count is 625 (minimum: 800) on attempt 4/5. Raw response length: 4965 chars
2026-05-06 06:42:41,542 WARNING blog_generator content_generator.py:172 _generate_content_from_prompt() - Content word count is 758 (minimum: 800) on attempt 3/5. Raw response length: 5976 chars
2026-05-06 09:02:30,064 WARNING blog_generator content_generator.py:172 _generate_content_from_prompt() - Content word count is 635 (minimum: 800) on attempt 5/5. Raw response length: 5184 chars
2026-05-06 09:02:30,065 ERROR blog_generator backlink_blog_controller.py:218 _handle_generate_content() - backlink generate_content action failed
Traceback (most recent call last):
  File "/Users/lanie/Sites/Backend/Blog generator/app/controllers/backlink_blog_controller.py", line 191, in _handle_generate_content
    state["content"] = generate_backlink_content(
                       ~~~~~~~~~~~~~~~~~~~~~~~~~^
        provider,
        ^^^^^^^^^
    ...<8 lines>...
        **backlink_context,
        ^^^^^^^^^^^^^^^^^^^
    )
    ^
  File "/Users/lanie/Sites/Backend/Blog generator/generators/content_generator.py", line 367, in generate_backlink_content
    content = _generate_content_from_prompt(
        provider,
    ...<3 lines>...
        validator=validator,
    )
  File "/Users/lanie/Sites/Backend/Blog generator/generators/content_generator.py", line 220, in _generate_content_from_prompt
    raise ValueError(
    ...<2 lines>...
    )
ValueError: Generated article could not satisfy the rules after 5 attempts. Last attempt was 635 words.
2026-05-06 09:03:41,460 WARNING blog_generator content_generator.py:172 _generate_content_from_prompt() - Content word count is 754 (minimum: 800) on attempt 4/5. Raw response length: 6287 chars
2026-05-06 09:06:43,485 WARNING blog_generator content_generator.py:172 _generate_content_from_prompt() - Content word count is 657 (minimum: 800) on attempt 5/5. Raw response length: 5306 chars
2026-05-06 09:06:43,486 ERROR blog_generator backlink_blog_controller.py:218 _handle_generate_content() - backlink generate_content action failed
Traceback (most recent call last):
  File "/Users/lanie/Sites/Backend/Blog generator/app/controllers/backlink_blog_controller.py", line 191, in _handle_generate_content
    state["content"] = generate_backlink_content(
                       ~~~~~~~~~~~~~~~~~~~~~~~~~^
        provider,
        ^^^^^^^^^
    ...<8 lines>...
        **backlink_context,
        ^^^^^^^^^^^^^^^^^^^
    )
    ^
  File "/Users/lanie/Sites/Backend/Blog generator/generators/content_generator.py", line 367, in generate_backlink_content
    content = _generate_content_from_prompt(
        provider,
    ...<3 lines>...
        validator=validator,
    )
  File "/Users/lanie/Sites/Backend/Blog generator/generators/content_generator.py", line 220, in _generate_content_from_prompt
    raise ValueError(
    ...<2 lines>...
    )
ValueError: Generated article could not satisfy the rules after 5 attempts. Last attempt was 657 words.
2026-05-06 09:08:54,732 WARNING blog_generator content_generator.py:172 _generate_content_from_prompt() - Content word count is 635 (minimum: 800) on attempt 1/5. Raw response length: 4916 chars
2026-05-06 09:11:19,067 WARNING blog_generator content_generator.py:163 _generate_content_from_prompt() - Content used banned terms fixed on attempt 2/5
2026-05-06 09:12:14,262 WARNING blog_generator content_generator.py:172 _generate_content_from_prompt() - Content word count is 649 (minimum: 800) on attempt 1/5. Raw response length: 5120 chars
2026-05-06 09:14:24,516 WARNING blog_generator content_generator.py:172 _generate_content_from_prompt() - Content word count is 596 (minimum: 800) on attempt 3/5. Raw response length: 4831 chars
2026-05-06 09:15:22,686 WARNING blog_generator content_generator.py:172 _generate_content_from_prompt() - Content word count is 635 (minimum: 800) on attempt 2/5. Raw response length: 5132 chars
2026-05-06 09:17:10,586 WARNING blog_generator content_generator.py:163 _generate_content_from_prompt() - Content used banned terms instant on attempt 4/5
2026-05-06 09:18:39,696 WARNING blog_generator content_generator.py:184 _generate_content_from_prompt() - Content word count is 1172 (maximum: 1000) on attempt 3/5. Raw response length: 8557 chars
2026-05-06 09:20:35,039 WARNING blog_generator content_generator.py:163 _generate_content_from_prompt() - Content used banned terms instant on attempt 5/5
2026-05-06 09:20:35,042 ERROR blog_generator backlink_blog_controller.py:218 _handle_generate_content() - backlink generate_content action failed
Traceback (most recent call last):
  File "/Users/lanie/Sites/Backend/Blog generator/app/controllers/backlink_blog_controller.py", line 191, in _handle_generate_content
    state["content"] = generate_backlink_content(
                       ~~~~~~~~~~~~~~~~~~~~~~~~~^
        provider,
        ^^^^^^^^^
    ...<8 lines>...
        **backlink_context,
        ^^^^^^^^^^^^^^^^^^^
    )
    ^
  File "/Users/lanie/Sites/Backend/Blog generator/generators/content_generator.py", line 367, in generate_backlink_content
    content = _generate_content_from_prompt(
        provider,
    ...<3 lines>...
        validator=validator,
    )
  File "/Users/lanie/Sites/Backend/Blog generator/generators/content_generator.py", line 220, in _generate_content_from_prompt
    raise ValueError(
    ...<2 lines>...
    )
ValueError: Generated article could not satisfy the rules after 5 attempts. Last attempt was 601 words.
2026-05-06 09:21:30,024 WARNING blog_generator content_generator.py:172 _generate_content_from_prompt() - Content word count is 549 (minimum: 800) on attempt 4/5. Raw response length: 4666 chars
2026-05-06 09:23:20,001 WARNING blog_generator content_generator.py:172 _generate_content_from_prompt() - Content word count is 438 (minimum: 800) on attempt 5/5. Raw response length: 3630 chars
2026-05-06 09:23:20,002 ERROR blog_generator backlink_blog_controller.py:218 _handle_generate_content() - backlink generate_content action failed
Traceback (most recent call last):
  File "/Users/lanie/Sites/Backend/Blog generator/app/controllers/backlink_blog_controller.py", line 191, in _handle_generate_content
    state["content"] = generate_backlink_content(
                       ~~~~~~~~~~~~~~~~~~~~~~~~~^
        provider,
        ^^^^^^^^^
    ...<8 lines>...
        **backlink_context,
        ^^^^^^^^^^^^^^^^^^^
    )
    ^
  File "/Users/lanie/Sites/Backend/Blog generator/generators/content_generator.py", line 367, in generate_backlink_content
    content = _generate_content_from_prompt(
        provider,
    ...<3 lines>...
        validator=validator,
    )
  File "/Users/lanie/Sites/Backend/Blog generator/generators/content_generator.py", line 220, in _generate_content_from_prompt
    raise ValueError(
    ...<2 lines>...
    )
ValueError: Generated article could not satisfy the rules after 5 attempts. Last attempt was 438 words.
2026-05-06 09:24:52,901 WARNING blog_generator content_generator.py:172 _generate_content_from_prompt() - Content word count is 439 (minimum: 800) on attempt 1/5. Raw response length: 3545 chars
2026-05-06 09:26:01,329 WARNING blog_generator content_generator.py:172 _generate_content_from_prompt() - Content word count is 745 (minimum: 800) on attempt 2/5. Raw response length: 5837 chars
2026-05-06 09:28:12,843 WARNING blog_generator content_generator.py:163 _generate_content_from_prompt() - Content used banned terms instant on attempt 3/5
2026-05-06 09:30:03,359 WARNING blog_generator content_generator.py:172 _generate_content_from_prompt() - Content word count is 673 (minimum: 800) on attempt 1/5. Raw response length: 5250 chars
2026-05-06 09:30:56,573 WARNING blog_generator content_generator.py:172 _generate_content_from_prompt() - Content word count is 652 (minimum: 800) on attempt 4/5. Raw response length: 5040 chars
2026-05-06 09:33:06,039 INFO blog_generator content_generator.py:206 _generate_content_from_prompt() - Content generated successfully with 909 words on attempt 2/5
2026-05-06 09:33:11,268 ERROR blog_generator backlink_blog_controller.py:218 _handle_generate_content() - backlink generate_content action failed
Traceback (most recent call last):
  File "/Users/lanie/Sites/Backend/Blog generator/app/controllers/backlink_blog_controller.py", line 210, in _handle_generate_content
    record_blog(
    ~~~~~~~~~~~^
        brand=state["brand"],
        ^^^^^^^^^^^^^^^^^^^^^
    ...<2 lines>...
        supporting_keyword="",
        ^^^^^^^^^^^^^^^^^^^^^^
    )
    ^
  File "/Users/lanie/Sites/Backend/Blog generator/database/pages.py", line 103, in record_blog
    keyword_record = get_or_create_keyword(keyword_value)
  File "/Users/lanie/Sites/Backend/Blog generator/database/keywords.py", line 20, in get_or_create_keyword
    cursor = connection.execute(
        "INSERT INTO keywords (keyword, normalized_keyword) VALUES (?, ?)",
        (keyword_value, normalized),
    )
sqlite3.OperationalError: database is locked
2026-05-06 09:34:00,732 WARNING blog_generator content_generator.py:172 _generate_content_from_prompt() - Content word count is 741 (minimum: 800) on attempt 5/5. Raw response length: 5485 chars
2026-05-06 09:34:00,733 ERROR blog_generator backlink_blog_controller.py:218 _handle_generate_content() - backlink generate_content action failed
Traceback (most recent call last):
  File "/Users/lanie/Sites/Backend/Blog generator/app/controllers/backlink_blog_controller.py", line 191, in _handle_generate_content
    state["content"] = generate_backlink_content(
                       ~~~~~~~~~~~~~~~~~~~~~~~~~^
        provider,
        ^^^^^^^^^
    ...<8 lines>...
        **backlink_context,
        ^^^^^^^^^^^^^^^^^^^
    )
    ^
  File "/Users/lanie/Sites/Backend/Blog generator/generators/content_generator.py", line 367, in generate_backlink_content
    content = _generate_content_from_prompt(
        provider,
    ...<3 lines>...
        validator=validator,
    )
  File "/Users/lanie/Sites/Backend/Blog generator/generators/content_generator.py", line 220, in _generate_content_from_prompt
    raise ValueError(
    ...<2 lines>...
    )
ValueError: Generated article could not satisfy the rules after 5 attempts. Last attempt was 741 words.
2026-05-06 09:39:54,596 WARNING blog_generator content_generator.py:172 _generate_content_from_prompt() - Content word count is 545 (minimum: 800) on attempt 1/5. Raw response length: 4230 chars
2026-05-06 09:41:04,824 WARNING blog_generator content_generator.py:163 _generate_content_from_prompt() - Content used banned terms instant on attempt 2/5
2026-05-06 09:42:07,080 WARNING blog_generator content_generator.py:172 _generate_content_from_prompt() - Content word count is 490 (minimum: 800) on attempt 3/5. Raw response length: 3927 chars
2026-05-06 09:43:22,935 WARNING blog_generator content_generator.py:163 _generate_content_from_prompt() - Content used banned terms instant on attempt 4/5
2026-05-06 09:44:51,851 WARNING blog_generator content_generator.py:198 _generate_content_from_prompt() - Content validation failed on attempt 5/5: The required brand URL must be inserted inside the first paragraph and must not be placed later in the article.
2026-05-06 09:44:51,853 ERROR blog_generator backlink_blog_controller.py:218 _handle_generate_content() - backlink generate_content action failed
Traceback (most recent call last):
  File "/Users/lanie/Sites/Backend/Blog generator/app/controllers/backlink_blog_controller.py", line 191, in _handle_generate_content
    state["content"] = generate_backlink_content(
                       ~~~~~~~~~~~~~~~~~~~~~~~~~^
        provider,
        ^^^^^^^^^
    ...<8 lines>...
        **backlink_context,
        ^^^^^^^^^^^^^^^^^^^
    )
    ^
  File "/Users/lanie/Sites/Backend/Blog generator/generators/content_generator.py", line 367, in generate_backlink_content
    content = _generate_content_from_prompt(
        provider,
    ...<3 lines>...
        validator=validator,
    )
  File "/Users/lanie/Sites/Backend/Blog generator/generators/content_generator.py", line 220, in _generate_content_from_prompt
    raise ValueError(
    ...<2 lines>...
    )
ValueError: Generated article could not satisfy the rules after 5 attempts. Last attempt was 893 words.
